2026-09-24 01:50:08.773 | info     |          Device | Opening user mode device driver (tt_cluster.cpp:224)
2026-09-24 01:50:08.773 | info     |             UMD | Cluster constructor started. (cluster.cpp:408)
2026-09-24 01:50:08.773 | info     |             UMD | Creating TopologyDiscovery for architecture: blackhole (topology_discovery.cpp:96)
2026-09-24 01:50:08.773 | info     |             UMD | Starting topology discovery. (topology_discovery.cpp:115)
2026-09-24 01:50:08.777 | info     |             UMD | Established firmware bundle version: 19.7.1 (topology_discovery.cpp:576)
2026-09-24 01:50:08.777 | info     |             UMD | Completed topology discovery. (topology_discovery.cpp:119)
2026-09-24 01:50:08.821 | warning  |             UMD | Sysmem (0x40000000 bytes) using regular pages; pre-allocate hugepages for better DMA performance (e.g. 1 × 1GB or 512 × 2MB; on AArch64 also 2 × 512MB). (silicon_sysmem_manager.cpp:105)
2026-09-24 01:50:32.622 | info     |             UMD | Opening local chip ids/PCIe ids: {0}/[0] and remote chip ids {} (cluster.cpp:175)
2026-09-24 01:50:32.622 | info     |             UMD | IOMMU: enabled (cluster.cpp:149)
2026-09-24 01:50:32.622 | info     |             UMD | KMD version: 2.10.1 (cluster.cpp:152)
2026-09-24 01:50:32.622 | info     |             UMD | Cluster constructor completed. (cluster.cpp:683)
2026-09-24 01:50:32.623 | info     |             UMD | Starting devices in cluster (cluster.cpp:1289)
2026-09-24 01:50:32.731 | info     |             UMD | Starting devices in cluster completed. (cluster.cpp:1297)
[doctest] doctest version is "2.5.2"
[doctest] run with "--help" for options
===============================================================================
/tmp/row-int8dot-flip/tests/parity/test_qwen35_paged_engine.cpp:780:
TEST CASE:  qwen3.5-0.8B GDN paged-engine greedy near-tie correctness gate (ROCm, SACRED)

/tmp/row-int8dot-flip/tests/parity/test_qwen35_paged_engine.cpp:249: MESSAGE: 1: loading via FromModelDir(/home/lu_zero/.cache/huggingface/hub/models--Qwen--Qwen3.5-0.8B/snapshots/2fc06364715b967f1860aea9cf38778875588b17)...

engine: device placement: --fit is on by default but cannot apply to a safetensors checkpoint (its weight footprint is not known where the placement must be installed); continuing with no placement
2026-09-24 01:50:33.777 | info     |     Distributed | Using auto discovery to generate mesh graph. (metal_env.cpp:422)
2026-09-24 01:50:33.777 | info     |     Distributed | Constructing control plane using auto-discovery (no mesh graph descriptor). (metal_env.cpp:484)
2026-09-24 01:50:33.777 | warning  |          Always | Unknown motherboard 'AMPONED8-2T/BCM' for chip_id=0 (bus_id=0x1) — falling back to bus_id as tray_id. Add this motherboard and its bus IDs to mobo_to_bus_ids in physical_system_discovery.cpp. (physical_system_discovery.cpp:119)
2026-09-24 01:50:33.777 | info     |          Fabric | Logical multi-mesh adjacency: intermesh degree histogram {0:1}; intra-mesh degree histograms mesh0 {0:1} (topology_mapper_utils.cpp:3190)
2026-09-24 01:50:33.777 | info     |          Fabric | Physical multi-mesh adjacency: intermesh degree histogram {0:1}; intra-mesh degree histograms mesh0 {0:1} (topology_mapper_utils.cpp:3198)
INFO auto-fit max_model_len: reduced from 262144 to 4064 to fit the KV cache (256 blocks, one of them the null block, shared by 2 KV cache groups). Raise --num-blocks / --kv-cache-memory for a longer context.
INFO recurrent-state budget: reduced max_num_seqs from 32 to 15. The KV pool (256 blocks) holds 15 unified pages of 544 tokens (one page = one 1085440-byte GDN state), and each sequence owns 1 of them. Raise --num-blocks / --kv-cache-memory for more concurrent sequences, or lower num_speculative_tokens.
2026-09-24 01:50:46.546 | info     |           Metal | Enabling program cache on MeshDevice 1 (mesh_device.cpp:1176)
2026-09-24 01:50:47.930 | info     |           Metal | Enabling program cache on MeshDevice 1 (mesh_device.cpp:1176)
2026-09-24 01:50:47.989 | info     |           Metal | Enabling program cache on MeshDevice 1 (mesh_device.cpp:1176)
2026-09-24 01:50:47.990 | info     |           Metal | Enabling program cache on MeshDevice 1 (mesh_device.cpp:1176)
2026-09-24 01:50:47.991 | info     |           Metal | Enabling program cache on MeshDevice 1 (mesh_device.cpp:1176)
2026-09-24 01:50:47.991 | info     |           Metal | Enabling program cache on MeshDevice 1 (mesh_device.cpp:1176)
2026-09-24 01:50:47.992 | info     |           Metal | Enabling program cache on MeshDevice 1 (mesh_device.cpp:1176)
2026-09-24 01:50:48.059 | info     |           Metal | Enabling program cache on MeshDevice 1 (mesh_device.cpp:1176)
2026-09-24 01:50:48.059 | info     |           Metal | Enabling program cache on MeshDevice 1 (mesh_device.cpp:1176)
2026-09-24 01:50:48.060 | info     |           Metal | Enabling program cache on MeshDevice 1 (mesh_device.cpp:1176)
2026-09-24 01:50:48.060 | info     |           Metal | Enabling program cache on MeshDevice 1 (mesh_device.cpp:1176)
2026-09-24 01:50:48.061 | info     |           Metal | Enabling program cache on MeshDevice 1 (mesh_device.cpp:1176)
2026-09-24 01:50:48.061 | info     |           Metal | Enabling program cache on MeshDevice 1 (mesh_device.cpp:1176)
2026-09-24 01:50:48.062 | info     |           Metal | Enabling program cache on MeshDevice 1 (mesh_device.cpp:1176)
2026-09-24 01:50:48.063 | info     |           Metal | Enabling program cache on MeshDevice 1 (mesh_device.cpp:1176)
2026-09-24 01:50:48.063 | info     |           Metal | Enabling program cache on MeshDevice 1 (mesh_device.cpp:1176)
2026-09-24 01:50:48.064 | info     |           Metal | Enabling program cache on MeshDevice 1 (mesh_device.cpp:1176)
2026-09-24 01:50:48.064 | info     |           Metal | Enabling program cache on MeshDevice 1 (mesh_device.cpp:1176)
2026-09-24 01:50:48.065 | info     |           Metal | Enabling program cache on MeshDevice 1 (mesh_device.cpp:1176)
2026-09-24 01:50:48.065 | info     |           Metal | Enabling program cache on MeshDevice 1 (mesh_device.cpp:1176)
2026-09-24 01:50:48.066 | info     |           Metal | Enabling program cache on MeshDevice 1 (mesh_device.cpp:1176)
2026-09-24 01:50:48.067 | info     |           Metal | Enabling program cache on MeshDevice 1 (mesh_device.cpp:1176)
2026-09-24 01:50:48.067 | info     |           Metal | Enabling program cache on MeshDevice 1 (mesh_device.cpp:1176)
2026-09-24 01:50:48.068 | info     |           Metal | Enabling program cache on MeshDevice 1 (mesh_device.cpp:1176)
2026-09-24 01:50:48.068 | info     |           Metal | Enabling program cache on MeshDevice 1 (mesh_device.cpp:1176)
2026-09-24 01:50:48.069 | info     |           Metal | Enabling program cache on MeshDevice 1 (mesh_device.cpp:1176)
2026-09-24 01:50:48.069 | info     |           Metal | Enabling program cache on MeshDevice 1 (mesh_device.cpp:1176)
2026-09-24 01:50:48.070 | info     |           Metal | Enabling program cache on MeshDevice 1 (mesh_device.cpp:1176)
2026-09-24 01:50:48.071 | info     |           Metal | Enabling program cache on MeshDevice 1 (mesh_device.cpp:1176)
2026-09-24 01:50:48.071 | info     |           Metal | Enabling program cache on MeshDevice 1 (mesh_device.cpp:1176)
2026-09-24 01:50:48.072 | info     |           Metal | Enabling program cache on MeshDevice 1 (mesh_device.cpp:1176)
2026-09-24 01:50:48.072 | info     |           Metal | Enabling program cache on MeshDevice 1 (mesh_device.cpp:1176)
2026-09-24 01:50:48.073 | info     |           Metal | Enabling program cache on MeshDevice 1 (mesh_device.cpp:1176)
2026-09-24 01:50:48.073 | info     |           Metal | Enabling program cache on MeshDevice 1 (mesh_device.cpp:1176)
2026-09-24 01:50:48.074 | info     |           Metal | Enabling program cache on MeshDevice 1 (mesh_device.cpp:1176)
2026-09-24 01:50:48.075 | info     |           Metal | Enabling program cache on MeshDevice 1 (mesh_device.cpp:1176)
2026-09-24 01:50:48.075 | info     |           Metal | Enabling program cache on MeshDevice 1 (mesh_device.cpp:1176)
2026-09-24 01:50:48.076 | info     |           Metal | Enabling program cache on MeshDevice 1 (mesh_device.cpp:1176)
2026-09-24 01:50:48.076 | info     |           Metal | Enabling program cache on MeshDevice 1 (mesh_device.cpp:1176)
2026-09-24 01:50:48.077 | info     |           Metal | Enabling program cache on MeshDevice 1 (mesh_device.cpp:1176)
2026-09-24 01:50:48.077 | info     |           Metal | Enabling program cache on MeshDevice 1 (mesh_device.cpp:1176)
2026-09-24 01:50:48.078 | info     |           Metal | Enabling program cache on MeshDevice 1 (mesh_device.cpp:1176)
vllm.cpp: Asynchronous scheduling is disabled (max_concurrent_batches=1)
/tmp/row-int8dot-flip/tests/parity/test_qwen35_paged_engine.cpp:292: MESSAGE: 1: running on device type 6 (5=ROCM, 6=TENSTORRENT) — gated against 1

2026-09-24 01:50:48.080 | info     |           Metal | Enabling program cache on MeshDevice 1 (mesh_device.cpp:1176)
2026-09-24 01:50:53.659 | info     |           Metal | Enabling program cache on MeshDevice 1 (mesh_device.cpp:1176)
Building trisc0, compile step:
/home/lu_zero/Sources/tt/tt-metal/runtime/sfpi/compiler/bin/riscv-tt-elf-g++ -O3 -std=c++17 -ftt-nttp -ftt-constinit -ftt-consteval -ftt-no-dyninit -flto=auto -ffast-math -fno-finite-math-only -fsigned-zeros -fno-associative-math -fno-exceptions -fno-rtti -fno-use-cxa-atexit -g -MMD -Wall -Werror -Wno-error=deprecated-declarations -Wno-error=multistatement-macros -Wno-error=parentheses -Wno-error=unused-but-set-variable -Wno-unused-variable -Wno-unused-function --param=min-pagesize=0 -mcpu=tt-bh-tensix -I. -I.. -I/home/lu_zero/Sources/tt/tt-metal/ -I/home/lu_zero/Sources/tt/tt-metal/ttnn -I/home/lu_zero/Sources/tt/tt-metal/ttnn/cpp -I/home/lu_zero/Sources/tt/tt-metal/tt_metal -I/home/lu_zero/Sources/tt/tt-metal/tt_metal/hw/inc -I/home/lu_zero/Sources/tt/tt-metal/tt_metal/tt-llk/common -I/home/lu_zero/Sources/tt/tt-metal/tt_metal/tt-llk/tools/include -I/home/lu_zero/Sources/tt/tt-metal/tt_metal/hostdevcommon/api -I/home/lu_zero/Sources/tt/tt-metal/tt_metal/api/ -I/home/lu_zero/Sources/tt/tt-metal/runtime/sfpi/include -I/home/lu_zero/Sources/tt/tt-metal/tt_metal/hw/ckernels/blackhole/metal/common -I/home/lu_zero/Sources/tt/tt-metal/tt_metal/hw/ckernels/blackhole/metal/llk_io -I/home/lu_zero/Sources/tt/tt-metal/tt_metal/hw/inc/internal/tt-1xx -I/home/lu_zero/Sources/tt/tt-metal/tt_metal/hw/inc/internal/tt-1xx/blackhole -I/home/lu_zero/Sources/tt/tt-metal/tt_metal/hw/inc/internal/tt-1xx/blackhole/blackhole_defines -I/home/lu_zero/Sources/tt/tt-metal/tt_metal/hw/inc/internal/tt-1xx/blackhole/noc -I/home/lu_zero/Sources/tt/tt-metal/tt_metal/tt-llk/tt_llk_blackhole/common/inc -I/home/lu_zero/Sources/tt/tt-metal/tt_metal/tt-llk/tt_llk_blackhole/llk_lib -I/home/lu_zero/Sources/tt/tt-metal/tt_metal/hw/ckernels/blackhole/metal/llk_api -I/home/lu_zero/Sources/tt/tt-metal/tt_metal/hw/ckernels/blackhole/metal/llk_api/llk_sfpu -I/home/lu_zero/Sources/tt/tt-metal/tt_metal/hw/firmware/src/tt-1xx -I/home/lu_zero/Sources/tt/tt-metal/ttnn/cpp/ttnn/operations/normalization/layernorm/device/kernels/compute -DIS_NOT_POW2_NUM_L1_BANKS=1 -DLOG_BASE_2_OF_NUM_DRAM_BANKS=3 -DNUM_DRAM_BANKS=8 -DNUM_L1_BANKS=110 -DPCIE_NOC_X=19 -DPCIE_NOC_Y=24 -DTENSIX_FIRMWARE -DLOCAL_MEM_EN=0 -DPROCESSOR_INDEX=2 -DUCK_CHLKC_UNPACK -DCOMPILE_FOR_TRISC=0 -DPROGRAMMABLE_CORE_TYPE=0 -DARCH_BLACKHOLE -DDISPATCH_MESSAGE_ADDR=4290184248 -DKERNEL_BUILD -DFULL_KERNEL_NAME="layernorm/6567768744459480464/" -include named_ct_arg_map_generated.h -c -o /home/lu_zero/.cache/tt-metal-cache/192705464604149581/kernels/layernorm/6567768744459480464/trisc0/trisck.2176806833681172996_103324.o /home/lu_zero/Sources/tt/tt-metal/tt_metal/hw/firmware/src/tt-1xx/trisck.cc -MF /home/lu_zero/.cache/tt-metal-cache/192705464604149581/kernels/layernorm/6567768744459480464/trisc0/trisck.2176806833681172996_103324.d
In file included from ../chlkc_unpack.cpp:6,
                 from /home/lu_zero/Sources/tt/tt-metal/tt_metal/hw/ckernels/blackhole/metal/common/chlkc_list.h:26,
                 from /home/lu_zero/Sources/tt/tt-metal/tt_metal/hw/firmware/src/tt-1xx/trisck.cc:13:
/home/lu_zero/Sources/tt/tt-metal/ttnn/cpp/ttnn/operations/normalization/layernorm/device/kernels/compute/layernorm.cpp: In function 'void kernel_main()':
/home/lu_zero/Sources/tt/tt-metal/ttnn/cpp/ttnn/operations/normalization/layernorm/device/kernels/compute/layernorm.cpp:128:20: warning: variable 'dfb_x_id' set but not used [-Wunused-but-set-variable]
  128 |     constexpr auto dfb_x_id = dfb_in_id;
      |                    ^~~~~~~~
Building trisc2, compile step:
/home/lu_zero/Sources/tt/tt-metal/runtime/sfpi/compiler/bin/riscv-tt-elf-g++ -O3 -std=c++17 -ftt-nttp -ftt-constinit -ftt-consteval -ftt-no-dyninit -flto=auto -ffast-math -fno-finite-math-only -fsigned-zeros -fno-associative-math -fno-exceptions -fno-rtti -fno-use-cxa-atexit -g -MMD -Wall -Werror -Wno-error=deprecated-declarations -Wno-error=multistatement-macros -Wno-error=parentheses -Wno-error=unused-but-set-variable -Wno-unused-variable -Wno-unused-function --param=min-pagesize=0 -mcpu=tt-bh-tensix -I. -I.. -I/home/lu_zero/Sources/tt/tt-metal/ -I/home/lu_zero/Sources/tt/tt-metal/ttnn -I/home/lu_zero/Sources/tt/tt-metal/ttnn/cpp -I/home/lu_zero/Sources/tt/tt-metal/tt_metal -I/home/lu_zero/Sources/tt/tt-metal/tt_metal/hw/inc -I/home/lu_zero/Sources/tt/tt-metal/tt_metal/tt-llk/common -I/home/lu_zero/Sources/tt/tt-metal/tt_metal/tt-llk/tools/include -I/home/lu_zero/Sources/tt/tt-metal/tt_metal/hostdevcommon/api -I/home/lu_zero/Sources/tt/tt-metal/tt_metal/api/ -I/home/lu_zero/Sources/tt/tt-metal/runtime/sfpi/include -I/home/lu_zero/Sources/tt/tt-metal/tt_metal/hw/ckernels/blackhole/metal/common -I/home/lu_zero/Sources/tt/tt-metal/tt_metal/hw/ckernels/blackhole/metal/llk_io -I/home/lu_zero/Sources/tt/tt-metal/tt_metal/hw/inc/internal/tt-1xx -I/home/lu_zero/Sources/tt/tt-metal/tt_metal/hw/inc/internal/tt-1xx/blackhole -I/home/lu_zero/Sources/tt/tt-metal/tt_metal/hw/inc/internal/tt-1xx/blackhole/blackhole_defines -I/home/lu_zero/Sources/tt/tt-metal/tt_metal/hw/inc/internal/tt-1xx/blackhole/noc -I/home/lu_zero/Sources/tt/tt-metal/tt_metal/tt-llk/tt_llk_blackhole/common/inc -I/home/lu_zero/Sources/tt/tt-metal/tt_metal/tt-llk/tt_llk_blackhole/llk_lib -I/home/lu_zero/Sources/tt/tt-metal/tt_metal/hw/ckernels/blackhole/metal/llk_api -I/home/lu_zero/Sources/tt/tt-metal/tt_metal/hw/ckernels/blackhole/metal/llk_api/llk_sfpu -I/home/lu_zero/Sources/tt/tt-metal/tt_metal/hw/firmware/src/tt-1xx -I/home/lu_zero/Sources/tt/tt-metal/ttnn/cpp/ttnn/operations/normalization/layernorm/device/kernels/compute -DIS_NOT_POW2_NUM_L1_BANKS=1 -DLOG_BASE_2_OF_NUM_DRAM_BANKS=3 -DNUM_DRAM_BANKS=8 -DNUM_L1_BANKS=110 -DPCIE_NOC_X=19 -DPCIE_NOC_Y=24 -DTENSIX_FIRMWARE -DLOCAL_MEM_EN=0 -DPROCESSOR_INDEX=4 -DUCK_CHLKC_PACK -DCOMPILE_FOR_TRISC=2 -DPROGRAMMABLE_CORE_TYPE=0 -DARCH_BLACKHOLE -DDISPATCH_MESSAGE_ADDR=4290184248 -DKERNEL_BUILD -DFULL_KERNEL_NAME="layernorm/6567768744459480464/" -include named_ct_arg_map_generated.h -c -o /home/lu_zero/.cache/tt-metal-cache/192705464604149581/kernels/layernorm/6567768744459480464/trisc2/trisck.2176806833681172996_103324.o /home/lu_zero/Sources/tt/tt-metal/tt_metal/hw/firmware/src/tt-1xx/trisck.cc -MF /home/lu_zero/.cache/tt-metal-cache/192705464604149581/kernels/layernorm/6567768744459480464/trisc2/trisck.2176806833681172996_103324.d
In file included from ../chlkc_pack.cpp:6,
                 from /home/lu_zero/Sources/tt/tt-metal/tt_metal/hw/ckernels/blackhole/metal/common/chlkc_list.h:21,
                 from /home/lu_zero/Sources/tt/tt-metal/tt_metal/hw/firmware/src/tt-1xx/trisck.cc:13:
/home/lu_zero/Sources/tt/tt-metal/ttnn/cpp/ttnn/operations/normalization/layernorm/device/kernels/compute/layernorm.cpp: In function 'void kernel_main()':
/home/lu_zero/Sources/tt/tt-metal/ttnn/cpp/ttnn/operations/normalization/layernorm/device/kernels/compute/layernorm.cpp:128:20: warning: variable 'dfb_x_id' set but not used [-Wunused-but-set-variable]
  128 |     constexpr auto dfb_x_id = dfb_in_id;
      |                    ^~~~~~~~
Building trisc1, compile step:
/home/lu_zero/Sources/tt/tt-metal/runtime/sfpi/compiler/bin/riscv-tt-elf-g++ -O3 -std=c++17 -ftt-nttp -ftt-constinit -ftt-consteval -ftt-no-dyninit -flto=auto -ffast-math -fno-finite-math-only -fsigned-zeros -fno-associative-math -fno-exceptions -fno-rtti -fno-use-cxa-atexit -g -MMD -Wall -Werror -Wno-error=deprecated-declarations -Wno-error=multistatement-macros -Wno-error=parentheses -Wno-error=unused-but-set-variable -Wno-unused-variable -Wno-unused-function --param=min-pagesize=0 -mcpu=tt-bh-tensix -I. -I.. -I/home/lu_zero/Sources/tt/tt-metal/ -I/home/lu_zero/Sources/tt/tt-metal/ttnn -I/home/lu_zero/Sources/tt/tt-metal/ttnn/cpp -I/home/lu_zero/Sources/tt/tt-metal/tt_metal -I/home/lu_zero/Sources/tt/tt-metal/tt_metal/hw/inc -I/home/lu_zero/Sources/tt/tt-metal/tt_metal/tt-llk/common -I/home/lu_zero/Sources/tt/tt-metal/tt_metal/tt-llk/tools/include -I/home/lu_zero/Sources/tt/tt-metal/tt_metal/hostdevcommon/api -I/home/lu_zero/Sources/tt/tt-metal/tt_metal/api/ -I/home/lu_zero/Sources/tt/tt-metal/runtime/sfpi/include -I/home/lu_zero/Sources/tt/tt-metal/tt_metal/hw/ckernels/blackhole/metal/common -I/home/lu_zero/Sources/tt/tt-metal/tt_metal/hw/ckernels/blackhole/metal/llk_io -I/home/lu_zero/Sources/tt/tt-metal/tt_metal/hw/inc/internal/tt-1xx -I/home/lu_zero/Sources/tt/tt-metal/tt_metal/hw/inc/internal/tt-1xx/blackhole -I/home/lu_zero/Sources/tt/tt-metal/tt_metal/hw/inc/internal/tt-1xx/blackhole/blackhole_defines -I/home/lu_zero/Sources/tt/tt-metal/tt_metal/hw/inc/internal/tt-1xx/blackhole/noc -I/home/lu_zero/Sources/tt/tt-metal/tt_metal/tt-llk/tt_llk_blackhole/common/inc -I/home/lu_zero/Sources/tt/tt-metal/tt_metal/tt-llk/tt_llk_blackhole/llk_lib -I/home/lu_zero/Sources/tt/tt-metal/tt_metal/hw/ckernels/blackhole/metal/llk_api -I/home/lu_zero/Sources/tt/tt-metal/tt_metal/hw/ckernels/blackhole/metal/llk_api/llk_sfpu -I/home/lu_zero/Sources/tt/tt-metal/tt_metal/hw/firmware/src/tt-1xx -I/home/lu_zero/Sources/tt/tt-metal/ttnn/cpp/ttnn/operations/normalization/layernorm/device/kernels/compute -DIS_NOT_POW2_NUM_L1_BANKS=1 -DLOG_BASE_2_OF_NUM_DRAM_BANKS=3 -DNUM_DRAM_BANKS=8 -DNUM_L1_BANKS=110 -DPCIE_NOC_X=19 -DPCIE_NOC_Y=24 -DTENSIX_FIRMWARE -DLOCAL_MEM_EN=0 -DPROCESSOR_INDEX=3 -DUCK_CHLKC_MATH -DCOMPILE_FOR_TRISC=1 -DPROGRAMMABLE_CORE_TYPE=0 -DARCH_BLACKHOLE -DDISPATCH_MESSAGE_ADDR=4290184248 -DKERNEL_BUILD -DFULL_KERNEL_NAME="layernorm/6567768744459480464/" -include named_ct_arg_map_generated.h -c -o /home/lu_zero/.cache/tt-metal-cache/192705464604149581/kernels/layernorm/6567768744459480464/trisc1/trisck.2176806833681172996_103324.o /home/lu_zero/Sources/tt/tt-metal/tt_metal/hw/firmware/src/tt-1xx/trisck.cc -MF /home/lu_zero/.cache/tt-metal-cache/192705464604149581/kernels/layernorm/6567768744459480464/trisc1/trisck.2176806833681172996_103324.d
In file included from ../chlkc_math.cpp:6,
                 from /home/lu_zero/Sources/tt/tt-metal/tt_metal/hw/ckernels/blackhole/metal/common/chlkc_list.h:16,
                 from /home/lu_zero/Sources/tt/tt-metal/tt_metal/hw/firmware/src/tt-1xx/trisck.cc:13:
/home/lu_zero/Sources/tt/tt-metal/ttnn/cpp/ttnn/operations/normalization/layernorm/device/kernels/compute/layernorm.cpp: In function 'void kernel_main()':
/home/lu_zero/Sources/tt/tt-metal/ttnn/cpp/ttnn/operations/normalization/layernorm/device/kernels/compute/layernorm.cpp:128:20: warning: variable 'dfb_x_id' set but not used [-Wunused-but-set-variable]
  128 |     constexpr auto dfb_x_id = dfb_in_id;
      |                    ^~~~~~~~
Building trisc0, compile step:
/home/lu_zero/Sources/tt/tt-metal/runtime/sfpi/compiler/bin/riscv-tt-elf-g++ -O3 -std=c++17 -ftt-nttp -ftt-constinit -ftt-consteval -ftt-no-dyninit -flto=auto -ffast-math -fno-finite-math-only -fsigned-zeros -fno-associative-math -fno-exceptions -fno-rtti -fno-use-cxa-atexit -g -MMD -Wall -Werror -Wno-error=deprecated-declarations -Wno-error=multistatement-macros -Wno-error=parentheses -Wno-error=unused-but-set-variable -Wno-unused-variable -Wno-unused-function --param=min-pagesize=0 -mcpu=tt-bh-tensix -I. -I.. -I/home/lu_zero/Sources/tt/tt-metal/ -I/home/lu_zero/Sources/tt/tt-metal/ttnn -I/home/lu_zero/Sources/tt/tt-metal/ttnn/cpp -I/home/lu_zero/Sources/tt/tt-metal/tt_metal -I/home/lu_zero/Sources/tt/tt-metal/tt_metal/hw/inc -I/home/lu_zero/Sources/tt/tt-metal/tt_metal/tt-llk/common -I/home/lu_zero/Sources/tt/tt-metal/tt_metal/tt-llk/tools/include -I/home/lu_zero/Sources/tt/tt-metal/tt_metal/hostdevcommon/api -I/home/lu_zero/Sources/tt/tt-metal/tt_metal/api/ -I/home/lu_zero/Sources/tt/tt-metal/runtime/sfpi/include -I/home/lu_zero/Sources/tt/tt-metal/tt_metal/hw/ckernels/blackhole/metal/common -I/home/lu_zero/Sources/tt/tt-metal/tt_metal/hw/ckernels/blackhole/metal/llk_io -I/home/lu_zero/Sources/tt/tt-metal/tt_metal/hw/inc/internal/tt-1xx -I/home/lu_zero/Sources/tt/tt-metal/tt_metal/hw/inc/internal/tt-1xx/blackhole -I/home/lu_zero/Sources/tt/tt-metal/tt_metal/hw/inc/internal/tt-1xx/blackhole/blackhole_defines -I/home/lu_zero/Sources/tt/tt-metal/tt_metal/hw/inc/internal/tt-1xx/blackhole/noc -I/home/lu_zero/Sources/tt/tt-metal/tt_metal/tt-llk/tt_llk_blackhole/common/inc -I/home/lu_zero/Sources/tt/tt-metal/tt_metal/tt-llk/tt_llk_blackhole/llk_lib -I/home/lu_zero/Sources/tt/tt-metal/tt_metal/hw/ckernels/blackhole/metal/llk_api -I/home/lu_zero/Sources/tt/tt-metal/tt_metal/hw/ckernels/blackhole/metal/llk_api/llk_sfpu -I/home/lu_zero/Sources/tt/tt-metal/tt_metal/hw/firmware/src/tt-1xx -I/home/lu_zero/Sources/tt/tt-metal/ttnn/cpp/ttnn/operations/normalization/layernorm/device/kernels/compute -DIS_NOT_POW2_NUM_L1_BANKS=1 -DLOG_BASE_2_OF_NUM_DRAM_BANKS=3 -DNUM_DRAM_BANKS=8 -DNUM_L1_BANKS=110 -DPCIE_NOC_X=19 -DPCIE_NOC_Y=24 -DTENSIX_FIRMWARE -DLOCAL_MEM_EN=0 -DPROCESSOR_INDEX=2 -DUCK_CHLKC_UNPACK -DCOMPILE_FOR_TRISC=0 -DPROGRAMMABLE_CORE_TYPE=0 -DARCH_BLACKHOLE -DDISPATCH_MESSAGE_ADDR=4290184248 -DKERNEL_BUILD -DFULL_KERNEL_NAME="layernorm/15818881331201766495/" -include named_ct_arg_map_generated.h -c -o /home/lu_zero/.cache/tt-metal-cache/192705464604149581/kernels/layernorm/15818881331201766495/trisc0/trisck.2176806833681172996_103324.o /home/lu_zero/Sources/tt/tt-metal/tt_metal/hw/firmware/src/tt-1xx/trisck.cc -MF /home/lu_zero/.cache/tt-metal-cache/192705464604149581/kernels/layernorm/15818881331201766495/trisc0/trisck.2176806833681172996_103324.d
In file included from ../chlkc_unpack.cpp:6,
                 from /home/lu_zero/Sources/tt/tt-metal/tt_metal/hw/ckernels/blackhole/metal/common/chlkc_list.h:26,
                 from /home/lu_zero/Sources/tt/tt-metal/tt_metal/hw/firmware/src/tt-1xx/trisck.cc:13:
/home/lu_zero/Sources/tt/tt-metal/ttnn/cpp/ttnn/operations/normalization/layernorm/device/kernels/compute/layernorm.cpp: In function 'void kernel_main()':
/home/lu_zero/Sources/tt/tt-metal/ttnn/cpp/ttnn/operations/normalization/layernorm/device/kernels/compute/layernorm.cpp:128:20: warning: variable 'dfb_x_id' set but not used [-Wunused-but-set-variable]
  128 |     constexpr auto dfb_x_id = dfb_in_id;
      |                    ^~~~~~~~
Building trisc2, compile step:
/home/lu_zero/Sources/tt/tt-metal/runtime/sfpi/compiler/bin/riscv-tt-elf-g++ -O3 -std=c++17 -ftt-nttp -ftt-constinit -ftt-consteval -ftt-no-dyninit -flto=auto -ffast-math -fno-finite-math-only -fsigned-zeros -fno-associative-math -fno-exceptions -fno-rtti -fno-use-cxa-atexit -g -MMD -Wall -Werror -Wno-error=deprecated-declarations -Wno-error=multistatement-macros -Wno-error=parentheses -Wno-error=unused-but-set-variable -Wno-unused-variable -Wno-unused-function --param=min-pagesize=0 -mcpu=tt-bh-tensix -I. -I.. -I/home/lu_zero/Sources/tt/tt-metal/ -I/home/lu_zero/Sources/tt/tt-metal/ttnn -I/home/lu_zero/Sources/tt/tt-metal/ttnn/cpp -I/home/lu_zero/Sources/tt/tt-metal/tt_metal -I/home/lu_zero/Sources/tt/tt-metal/tt_metal/hw/inc -I/home/lu_zero/Sources/tt/tt-metal/tt_metal/tt-llk/common -I/home/lu_zero/Sources/tt/tt-metal/tt_metal/tt-llk/tools/include -I/home/lu_zero/Sources/tt/tt-metal/tt_metal/hostdevcommon/api -I/home/lu_zero/Sources/tt/tt-metal/tt_metal/api/ -I/home/lu_zero/Sources/tt/tt-metal/runtime/sfpi/include -I/home/lu_zero/Sources/tt/tt-metal/tt_metal/hw/ckernels/blackhole/metal/common -I/home/lu_zero/Sources/tt/tt-metal/tt_metal/hw/ckernels/blackhole/metal/llk_io -I/home/lu_zero/Sources/tt/tt-metal/tt_metal/hw/inc/internal/tt-1xx -I/home/lu_zero/Sources/tt/tt-metal/tt_metal/hw/inc/internal/tt-1xx/blackhole -I/home/lu_zero/Sources/tt/tt-metal/tt_metal/hw/inc/internal/tt-1xx/blackhole/blackhole_defines -I/home/lu_zero/Sources/tt/tt-metal/tt_metal/hw/inc/internal/tt-1xx/blackhole/noc -I/home/lu_zero/Sources/tt/tt-metal/tt_metal/tt-llk/tt_llk_blackhole/common/inc -I/home/lu_zero/Sources/tt/tt-metal/tt_metal/tt-llk/tt_llk_blackhole/llk_lib -I/home/lu_zero/Sources/tt/tt-metal/tt_metal/hw/ckernels/blackhole/metal/llk_api -I/home/lu_zero/Sources/tt/tt-metal/tt_metal/hw/ckernels/blackhole/metal/llk_api/llk_sfpu -I/home/lu_zero/Sources/tt/tt-metal/tt_metal/hw/firmware/src/tt-1xx -I/home/lu_zero/Sources/tt/tt-metal/ttnn/cpp/ttnn/operations/normalization/layernorm/device/kernels/compute -DIS_NOT_POW2_NUM_L1_BANKS=1 -DLOG_BASE_2_OF_NUM_DRAM_BANKS=3 -DNUM_DRAM_BANKS=8 -DNUM_L1_BANKS=110 -DPCIE_NOC_X=19 -DPCIE_NOC_Y=24 -DTENSIX_FIRMWARE -DLOCAL_MEM_EN=0 -DPROCESSOR_INDEX=4 -DUCK_CHLKC_PACK -DCOMPILE_FOR_TRISC=2 -DPROGRAMMABLE_CORE_TYPE=0 -DARCH_BLACKHOLE -DDISPATCH_MESSAGE_ADDR=4290184248 -DKERNEL_BUILD -DFULL_KERNEL_NAME="layernorm/15818881331201766495/" -include named_ct_arg_map_generated.h -c -o /home/lu_zero/.cache/tt-metal-cache/192705464604149581/kernels/layernorm/15818881331201766495/trisc2/trisck.2176806833681172996_103324.o /home/lu_zero/Sources/tt/tt-metal/tt_metal/hw/firmware/src/tt-1xx/trisck.cc -MF /home/lu_zero/.cache/tt-metal-cache/192705464604149581/kernels/layernorm/15818881331201766495/trisc2/trisck.2176806833681172996_103324.d
In file included from ../chlkc_pack.cpp:6,
                 from /home/lu_zero/Sources/tt/tt-metal/tt_metal/hw/ckernels/blackhole/metal/common/chlkc_list.h:21,
                 from /home/lu_zero/Sources/tt/tt-metal/tt_metal/hw/firmware/src/tt-1xx/trisck.cc:13:
/home/lu_zero/Sources/tt/tt-metal/ttnn/cpp/ttnn/operations/normalization/layernorm/device/kernels/compute/layernorm.cpp: In function 'void kernel_main()':
/home/lu_zero/Sources/tt/tt-metal/ttnn/cpp/ttnn/operations/normalization/layernorm/device/kernels/compute/layernorm.cpp:128:20: warning: variable 'dfb_x_id' set but not used [-Wunused-but-set-variable]
  128 |     constexpr auto dfb_x_id = dfb_in_id;
      |                    ^~~~~~~~
Building trisc1, compile step:
/home/lu_zero/Sources/tt/tt-metal/runtime/sfpi/compiler/bin/riscv-tt-elf-g++ -O3 -std=c++17 -ftt-nttp -ftt-constinit -ftt-consteval -ftt-no-dyninit -flto=auto -ffast-math -fno-finite-math-only -fsigned-zeros -fno-associative-math -fno-exceptions -fno-rtti -fno-use-cxa-atexit -g -MMD -Wall -Werror -Wno-error=deprecated-declarations -Wno-error=multistatement-macros -Wno-error=parentheses -Wno-error=unused-but-set-variable -Wno-unused-variable -Wno-unused-function --param=min-pagesize=0 -mcpu=tt-bh-tensix -I. -I.. -I/home/lu_zero/Sources/tt/tt-metal/ -I/home/lu_zero/Sources/tt/tt-metal/ttnn -I/home/lu_zero/Sources/tt/tt-metal/ttnn/cpp -I/home/lu_zero/Sources/tt/tt-metal/tt_metal -I/home/lu_zero/Sources/tt/tt-metal/tt_metal/hw/inc -I/home/lu_zero/Sources/tt/tt-metal/tt_metal/tt-llk/common -I/home/lu_zero/Sources/tt/tt-metal/tt_metal/tt-llk/tools/include -I/home/lu_zero/Sources/tt/tt-metal/tt_metal/hostdevcommon/api -I/home/lu_zero/Sources/tt/tt-metal/tt_metal/api/ -I/home/lu_zero/Sources/tt/tt-metal/runtime/sfpi/include -I/home/lu_zero/Sources/tt/tt-metal/tt_metal/hw/ckernels/blackhole/metal/common -I/home/lu_zero/Sources/tt/tt-metal/tt_metal/hw/ckernels/blackhole/metal/llk_io -I/home/lu_zero/Sources/tt/tt-metal/tt_metal/hw/inc/internal/tt-1xx -I/home/lu_zero/Sources/tt/tt-metal/tt_metal/hw/inc/internal/tt-1xx/blackhole -I/home/lu_zero/Sources/tt/tt-metal/tt_metal/hw/inc/internal/tt-1xx/blackhole/blackhole_defines -I/home/lu_zero/Sources/tt/tt-metal/tt_metal/hw/inc/internal/tt-1xx/blackhole/noc -I/home/lu_zero/Sources/tt/tt-metal/tt_metal/tt-llk/tt_llk_blackhole/common/inc -I/home/lu_zero/Sources/tt/tt-metal/tt_metal/tt-llk/tt_llk_blackhole/llk_lib -I/home/lu_zero/Sources/tt/tt-metal/tt_metal/hw/ckernels/blackhole/metal/llk_api -I/home/lu_zero/Sources/tt/tt-metal/tt_metal/hw/ckernels/blackhole/metal/llk_api/llk_sfpu -I/home/lu_zero/Sources/tt/tt-metal/tt_metal/hw/firmware/src/tt-1xx -I/home/lu_zero/Sources/tt/tt-metal/ttnn/cpp/ttnn/operations/normalization/layernorm/device/kernels/compute -DIS_NOT_POW2_NUM_L1_BANKS=1 -DLOG_BASE_2_OF_NUM_DRAM_BANKS=3 -DNUM_DRAM_BANKS=8 -DNUM_L1_BANKS=110 -DPCIE_NOC_X=19 -DPCIE_NOC_Y=24 -DTENSIX_FIRMWARE -DLOCAL_MEM_EN=0 -DPROCESSOR_INDEX=3 -DUCK_CHLKC_MATH -DCOMPILE_FOR_TRISC=1 -DPROGRAMMABLE_CORE_TYPE=0 -DARCH_BLACKHOLE -DDISPATCH_MESSAGE_ADDR=4290184248 -DKERNEL_BUILD -DFULL_KERNEL_NAME="layernorm/15818881331201766495/" -include named_ct_arg_map_generated.h -c -o /home/lu_zero/.cache/tt-metal-cache/192705464604149581/kernels/layernorm/15818881331201766495/trisc1/trisck.2176806833681172996_103324.o /home/lu_zero/Sources/tt/tt-metal/tt_metal/hw/firmware/src/tt-1xx/trisck.cc -MF /home/lu_zero/.cache/tt-metal-cache/192705464604149581/kernels/layernorm/15818881331201766495/trisc1/trisck.2176806833681172996_103324.d
In file included from ../chlkc_math.cpp:6,
                 from /home/lu_zero/Sources/tt/tt-metal/tt_metal/hw/ckernels/blackhole/metal/common/chlkc_list.h:16,
                 from /home/lu_zero/Sources/tt/tt-metal/tt_metal/hw/firmware/src/tt-1xx/trisck.cc:13:
/home/lu_zero/Sources/tt/tt-metal/ttnn/cpp/ttnn/operations/normalization/layernorm/device/kernels/compute/layernorm.cpp: In function 'void kernel_main()':
/home/lu_zero/Sources/tt/tt-metal/ttnn/cpp/ttnn/operations/normalization/layernorm/device/kernels/compute/layernorm.cpp:128:20: warning: variable 'dfb_x_id' set but not used [-Wunused-but-set-variable]
  128 |     constexpr auto dfb_x_id = dfb_in_id;
      |                    ^~~~~~~~
2026-09-24 01:55:11.218 | info     |           Metal | Enabling program cache on MeshDevice 1 (mesh_device.cpp:1176)
Building trisc0, compile step:
/home/lu_zero/Sources/tt/tt-metal/runtime/sfpi/compiler/bin/riscv-tt-elf-g++ -O3 -std=c++17 -ftt-nttp -ftt-constinit -ftt-consteval -ftt-no-dyninit -flto=auto -ffast-math -fno-finite-math-only -fsigned-zeros -fno-associative-math -fno-exceptions -fno-rtti -fno-use-cxa-atexit -g -MMD -Wall -Werror -Wno-error=deprecated-declarations -Wno-error=multistatement-macros -Wno-error=parentheses -Wno-error=unused-but-set-variable -Wno-unused-variable -Wno-unused-function --param=min-pagesize=0 -mcpu=tt-bh-tensix -I. -I.. -I/home/lu_zero/Sources/tt/tt-metal/ -I/home/lu_zero/Sources/tt/tt-metal/ttnn -I/home/lu_zero/Sources/tt/tt-metal/ttnn/cpp -I/home/lu_zero/Sources/tt/tt-metal/tt_metal -I/home/lu_zero/Sources/tt/tt-metal/tt_metal/hw/inc -I/home/lu_zero/Sources/tt/tt-metal/tt_metal/tt-llk/common -I/home/lu_zero/Sources/tt/tt-metal/tt_metal/tt-llk/tools/include -I/home/lu_zero/Sources/tt/tt-metal/tt_metal/hostdevcommon/api -I/home/lu_zero/Sources/tt/tt-metal/tt_metal/api/ -I/home/lu_zero/Sources/tt/tt-metal/runtime/sfpi/include -I/home/lu_zero/Sources/tt/tt-metal/tt_metal/hw/ckernels/blackhole/metal/common -I/home/lu_zero/Sources/tt/tt-metal/tt_metal/hw/ckernels/blackhole/metal/llk_io -I/home/lu_zero/Sources/tt/tt-metal/tt_metal/hw/inc/internal/tt-1xx -I/home/lu_zero/Sources/tt/tt-metal/tt_metal/hw/inc/internal/tt-1xx/blackhole -I/home/lu_zero/Sources/tt/tt-metal/tt_metal/hw/inc/internal/tt-1xx/blackhole/blackhole_defines -I/home/lu_zero/Sources/tt/tt-metal/tt_metal/hw/inc/internal/tt-1xx/blackhole/noc -I/home/lu_zero/Sources/tt/tt-metal/tt_metal/tt-llk/tt_llk_blackhole/common/inc -I/home/lu_zero/Sources/tt/tt-metal/tt_metal/tt-llk/tt_llk_blackhole/llk_lib -I/home/lu_zero/Sources/tt/tt-metal/tt_metal/hw/ckernels/blackhole/metal/llk_api -I/home/lu_zero/Sources/tt/tt-metal/tt_metal/hw/ckernels/blackhole/metal/llk_api/llk_sfpu -I/home/lu_zero/Sources/tt/tt-metal/tt_metal/hw/firmware/src/tt-1xx -I/home/lu_zero/Sources/tt/tt-metal/ttnn/cpp/ttnn/operations/normalization/layernorm/device/kernels/compute -DIS_NOT_POW2_NUM_L1_BANKS=1 -DLOG_BASE_2_OF_NUM_DRAM_BANKS=3 -DNUM_DRAM_BANKS=8 -DNUM_L1_BANKS=110 -DPCIE_NOC_X=19 -DPCIE_NOC_Y=24 -DTENSIX_FIRMWARE -DLOCAL_MEM_EN=0 -DPROCESSOR_INDEX=2 -DUCK_CHLKC_UNPACK -DCOMPILE_FOR_TRISC=0 -DPROGRAMMABLE_CORE_TYPE=0 -DARCH_BLACKHOLE -DDISPATCH_MESSAGE_ADDR=4290184248 -DKERNEL_BUILD -DFULL_KERNEL_NAME="layernorm/7113757029148653774/" -include named_ct_arg_map_generated.h -c -o /home/lu_zero/.cache/tt-metal-cache/192705464604149581/kernels/layernorm/7113757029148653774/trisc0/trisck.2176806833681172996_103324.o /home/lu_zero/Sources/tt/tt-metal/tt_metal/hw/firmware/src/tt-1xx/trisck.cc -MF /home/lu_zero/.cache/tt-metal-cache/192705464604149581/kernels/layernorm/7113757029148653774/trisc0/trisck.2176806833681172996_103324.d
In file included from ../chlkc_unpack.cpp:6,
                 from /home/lu_zero/Sources/tt/tt-metal/tt_metal/hw/ckernels/blackhole/metal/common/chlkc_list.h:26,
                 from /home/lu_zero/Sources/tt/tt-metal/tt_metal/hw/firmware/src/tt-1xx/trisck.cc:13:
/home/lu_zero/Sources/tt/tt-metal/ttnn/cpp/ttnn/operations/normalization/layernorm/device/kernels/compute/layernorm.cpp: In function 'void kernel_main()':
/home/lu_zero/Sources/tt/tt-metal/ttnn/cpp/ttnn/operations/normalization/layernorm/device/kernels/compute/layernorm.cpp:128:20: warning: variable 'dfb_x_id' set but not used [-Wunused-but-set-variable]
  128 |     constexpr auto dfb_x_id = dfb_in_id;
      |                    ^~~~~~~~
Building trisc2, compile step:
/home/lu_zero/Sources/tt/tt-metal/runtime/sfpi/compiler/bin/riscv-tt-elf-g++ -O3 -std=c++17 -ftt-nttp -ftt-constinit -ftt-consteval -ftt-no-dyninit -flto=auto -ffast-math -fno-finite-math-only -fsigned-zeros -fno-associative-math -fno-exceptions -fno-rtti -fno-use-cxa-atexit -g -MMD -Wall -Werror -Wno-error=deprecated-declarations -Wno-error=multistatement-macros -Wno-error=parentheses -Wno-error=unused-but-set-variable -Wno-unused-variable -Wno-unused-function --param=min-pagesize=0 -mcpu=tt-bh-tensix -I. -I.. -I/home/lu_zero/Sources/tt/tt-metal/ -I/home/lu_zero/Sources/tt/tt-metal/ttnn -I/home/lu_zero/Sources/tt/tt-metal/ttnn/cpp -I/home/lu_zero/Sources/tt/tt-metal/tt_metal -I/home/lu_zero/Sources/tt/tt-metal/tt_metal/hw/inc -I/home/lu_zero/Sources/tt/tt-metal/tt_metal/tt-llk/common -I/home/lu_zero/Sources/tt/tt-metal/tt_metal/tt-llk/tools/include -I/home/lu_zero/Sources/tt/tt-metal/tt_metal/hostdevcommon/api -I/home/lu_zero/Sources/tt/tt-metal/tt_metal/api/ -I/home/lu_zero/Sources/tt/tt-metal/runtime/sfpi/include -I/home/lu_zero/Sources/tt/tt-metal/tt_metal/hw/ckernels/blackhole/metal/common -I/home/lu_zero/Sources/tt/tt-metal/tt_metal/hw/ckernels/blackhole/metal/llk_io -I/home/lu_zero/Sources/tt/tt-metal/tt_metal/hw/inc/internal/tt-1xx -I/home/lu_zero/Sources/tt/tt-metal/tt_metal/hw/inc/internal/tt-1xx/blackhole -I/home/lu_zero/Sources/tt/tt-metal/tt_metal/hw/inc/internal/tt-1xx/blackhole/blackhole_defines -I/home/lu_zero/Sources/tt/tt-metal/tt_metal/hw/inc/internal/tt-1xx/blackhole/noc -I/home/lu_zero/Sources/tt/tt-metal/tt_metal/tt-llk/tt_llk_blackhole/common/inc -I/home/lu_zero/Sources/tt/tt-metal/tt_metal/tt-llk/tt_llk_blackhole/llk_lib -I/home/lu_zero/Sources/tt/tt-metal/tt_metal/hw/ckernels/blackhole/metal/llk_api -I/home/lu_zero/Sources/tt/tt-metal/tt_metal/hw/ckernels/blackhole/metal/llk_api/llk_sfpu -I/home/lu_zero/Sources/tt/tt-metal/tt_metal/hw/firmware/src/tt-1xx -I/home/lu_zero/Sources/tt/tt-metal/ttnn/cpp/ttnn/operations/normalization/layernorm/device/kernels/compute -DIS_NOT_POW2_NUM_L1_BANKS=1 -DLOG_BASE_2_OF_NUM_DRAM_BANKS=3 -DNUM_DRAM_BANKS=8 -DNUM_L1_BANKS=110 -DPCIE_NOC_X=19 -DPCIE_NOC_Y=24 -DTENSIX_FIRMWARE -DLOCAL_MEM_EN=0 -DPROCESSOR_INDEX=4 -DUCK_CHLKC_PACK -DCOMPILE_FOR_TRISC=2 -DPROGRAMMABLE_CORE_TYPE=0 -DARCH_BLACKHOLE -DDISPATCH_MESSAGE_ADDR=4290184248 -DKERNEL_BUILD -DFULL_KERNEL_NAME="layernorm/7113757029148653774/" -include named_ct_arg_map_generated.h -c -o /home/lu_zero/.cache/tt-metal-cache/192705464604149581/kernels/layernorm/7113757029148653774/trisc2/trisck.2176806833681172996_103324.o /home/lu_zero/Sources/tt/tt-metal/tt_metal/hw/firmware/src/tt-1xx/trisck.cc -MF /home/lu_zero/.cache/tt-metal-cache/192705464604149581/kernels/layernorm/7113757029148653774/trisc2/trisck.2176806833681172996_103324.d
In file included from ../chlkc_pack.cpp:6,
                 from /home/lu_zero/Sources/tt/tt-metal/tt_metal/hw/ckernels/blackhole/metal/common/chlkc_list.h:21,
                 from /home/lu_zero/Sources/tt/tt-metal/tt_metal/hw/firmware/src/tt-1xx/trisck.cc:13:
/home/lu_zero/Sources/tt/tt-metal/ttnn/cpp/ttnn/operations/normalization/layernorm/device/kernels/compute/layernorm.cpp: In function 'void kernel_main()':
/home/lu_zero/Sources/tt/tt-metal/ttnn/cpp/ttnn/operations/normalization/layernorm/device/kernels/compute/layernorm.cpp:128:20: warning: variable 'dfb_x_id' set but not used [-Wunused-but-set-variable]
  128 |     constexpr auto dfb_x_id = dfb_in_id;
      |                    ^~~~~~~~
Building trisc1, compile step:
/home/lu_zero/Sources/tt/tt-metal/runtime/sfpi/compiler/bin/riscv-tt-elf-g++ -O3 -std=c++17 -ftt-nttp -ftt-constinit -ftt-consteval -ftt-no-dyninit -flto=auto -ffast-math -fno-finite-math-only -fsigned-zeros -fno-associative-math -fno-exceptions -fno-rtti -fno-use-cxa-atexit -g -MMD -Wall -Werror -Wno-error=deprecated-declarations -Wno-error=multistatement-macros -Wno-error=parentheses -Wno-error=unused-but-set-variable -Wno-unused-variable -Wno-unused-function --param=min-pagesize=0 -mcpu=tt-bh-tensix -I. -I.. -I/home/lu_zero/Sources/tt/tt-metal/ -I/home/lu_zero/Sources/tt/tt-metal/ttnn -I/home/lu_zero/Sources/tt/tt-metal/ttnn/cpp -I/home/lu_zero/Sources/tt/tt-metal/tt_metal -I/home/lu_zero/Sources/tt/tt-metal/tt_metal/hw/inc -I/home/lu_zero/Sources/tt/tt-metal/tt_metal/tt-llk/common -I/home/lu_zero/Sources/tt/tt-metal/tt_metal/tt-llk/tools/include -I/home/lu_zero/Sources/tt/tt-metal/tt_metal/hostdevcommon/api -I/home/lu_zero/Sources/tt/tt-metal/tt_metal/api/ -I/home/lu_zero/Sources/tt/tt-metal/runtime/sfpi/include -I/home/lu_zero/Sources/tt/tt-metal/tt_metal/hw/ckernels/blackhole/metal/common -I/home/lu_zero/Sources/tt/tt-metal/tt_metal/hw/ckernels/blackhole/metal/llk_io -I/home/lu_zero/Sources/tt/tt-metal/tt_metal/hw/inc/internal/tt-1xx -I/home/lu_zero/Sources/tt/tt-metal/tt_metal/hw/inc/internal/tt-1xx/blackhole -I/home/lu_zero/Sources/tt/tt-metal/tt_metal/hw/inc/internal/tt-1xx/blackhole/blackhole_defines -I/home/lu_zero/Sources/tt/tt-metal/tt_metal/hw/inc/internal/tt-1xx/blackhole/noc -I/home/lu_zero/Sources/tt/tt-metal/tt_metal/tt-llk/tt_llk_blackhole/common/inc -I/home/lu_zero/Sources/tt/tt-metal/tt_metal/tt-llk/tt_llk_blackhole/llk_lib -I/home/lu_zero/Sources/tt/tt-metal/tt_metal/hw/ckernels/blackhole/metal/llk_api -I/home/lu_zero/Sources/tt/tt-metal/tt_metal/hw/ckernels/blackhole/metal/llk_api/llk_sfpu -I/home/lu_zero/Sources/tt/tt-metal/tt_metal/hw/firmware/src/tt-1xx -I/home/lu_zero/Sources/tt/tt-metal/ttnn/cpp/ttnn/operations/normalization/layernorm/device/kernels/compute -DIS_NOT_POW2_NUM_L1_BANKS=1 -DLOG_BASE_2_OF_NUM_DRAM_BANKS=3 -DNUM_DRAM_BANKS=8 -DNUM_L1_BANKS=110 -DPCIE_NOC_X=19 -DPCIE_NOC_Y=24 -DTENSIX_FIRMWARE -DLOCAL_MEM_EN=0 -DPROCESSOR_INDEX=3 -DUCK_CHLKC_MATH -DCOMPILE_FOR_TRISC=1 -DPROGRAMMABLE_CORE_TYPE=0 -DARCH_BLACKHOLE -DDISPATCH_MESSAGE_ADDR=4290184248 -DKERNEL_BUILD -DFULL_KERNEL_NAME="layernorm/7113757029148653774/" -include named_ct_arg_map_generated.h -c -o /home/lu_zero/.cache/tt-metal-cache/192705464604149581/kernels/layernorm/7113757029148653774/trisc1/trisck.2176806833681172996_103324.o /home/lu_zero/Sources/tt/tt-metal/tt_metal/hw/firmware/src/tt-1xx/trisck.cc -MF /home/lu_zero/.cache/tt-metal-cache/192705464604149581/kernels/layernorm/7113757029148653774/trisc1/trisck.2176806833681172996_103324.d
In file included from ../chlkc_math.cpp:6,
                 from /home/lu_zero/Sources/tt/tt-metal/tt_metal/hw/ckernels/blackhole/metal/common/chlkc_list.h:16,
                 from /home/lu_zero/Sources/tt/tt-metal/tt_metal/hw/firmware/src/tt-1xx/trisck.cc:13:
/home/lu_zero/Sources/tt/tt-metal/ttnn/cpp/ttnn/operations/normalization/layernorm/device/kernels/compute/layernorm.cpp: In function 'void kernel_main()':
/home/lu_zero/Sources/tt/tt-metal/ttnn/cpp/ttnn/operations/normalization/layernorm/device/kernels/compute/layernorm.cpp:128:20: warning: variable 'dfb_x_id' set but not used [-Wunused-but-set-variable]
  128 |     constexpr auto dfb_x_id = dfb_in_id;
      |                    ^~~~~~~~
Building trisc0, compile step:
/home/lu_zero/Sources/tt/tt-metal/runtime/sfpi/compiler/bin/riscv-tt-elf-g++ -O3 -std=c++17 -ftt-nttp -ftt-constinit -ftt-consteval -ftt-no-dyninit -flto=auto -ffast-math -fno-finite-math-only -fsigned-zeros -fno-associative-math -fno-exceptions -fno-rtti -fno-use-cxa-atexit -g -MMD -Wall -Werror -Wno-error=deprecated-declarations -Wno-error=multistatement-macros -Wno-error=parentheses -Wno-error=unused-but-set-variable -Wno-unused-variable -Wno-unused-function --param=min-pagesize=0 -mcpu=tt-bh-tensix -I. -I.. -I/home/lu_zero/Sources/tt/tt-metal/ -I/home/lu_zero/Sources/tt/tt-metal/ttnn -I/home/lu_zero/Sources/tt/tt-metal/ttnn/cpp -I/home/lu_zero/Sources/tt/tt-metal/tt_metal -I/home/lu_zero/Sources/tt/tt-metal/tt_metal/hw/inc -I/home/lu_zero/Sources/tt/tt-metal/tt_metal/tt-llk/common -I/home/lu_zero/Sources/tt/tt-metal/tt_metal/tt-llk/tools/include -I/home/lu_zero/Sources/tt/tt-metal/tt_metal/hostdevcommon/api -I/home/lu_zero/Sources/tt/tt-metal/tt_metal/api/ -I/home/lu_zero/Sources/tt/tt-metal/runtime/sfpi/include -I/home/lu_zero/Sources/tt/tt-metal/tt_metal/hw/ckernels/blackhole/metal/common -I/home/lu_zero/Sources/tt/tt-metal/tt_metal/hw/ckernels/blackhole/metal/llk_io -I/home/lu_zero/Sources/tt/tt-metal/tt_metal/hw/inc/internal/tt-1xx -I/home/lu_zero/Sources/tt/tt-metal/tt_metal/hw/inc/internal/tt-1xx/blackhole -I/home/lu_zero/Sources/tt/tt-metal/tt_metal/hw/inc/internal/tt-1xx/blackhole/blackhole_defines -I/home/lu_zero/Sources/tt/tt-metal/tt_metal/hw/inc/internal/tt-1xx/blackhole/noc -I/home/lu_zero/Sources/tt/tt-metal/tt_metal/tt-llk/tt_llk_blackhole/common/inc -I/home/lu_zero/Sources/tt/tt-metal/tt_metal/tt-llk/tt_llk_blackhole/llk_lib -I/home/lu_zero/Sources/tt/tt-metal/tt_metal/hw/ckernels/blackhole/metal/llk_api -I/home/lu_zero/Sources/tt/tt-metal/tt_metal/hw/ckernels/blackhole/metal/llk_api/llk_sfpu -I/home/lu_zero/Sources/tt/tt-metal/tt_metal/hw/firmware/src/tt-1xx -I/home/lu_zero/Sources/tt/tt-metal/ttnn/cpp/ttnn/operations/normalization/layernorm/device/kernels/compute -DIS_NOT_POW2_NUM_L1_BANKS=1 -DLOG_BASE_2_OF_NUM_DRAM_BANKS=3 -DNUM_DRAM_BANKS=8 -DNUM_L1_BANKS=110 -DPCIE_NOC_X=19 -DPCIE_NOC_Y=24 -DTENSIX_FIRMWARE -DLOCAL_MEM_EN=0 -DPROCESSOR_INDEX=2 -DUCK_CHLKC_UNPACK -DCOMPILE_FOR_TRISC=0 -DPROGRAMMABLE_CORE_TYPE=0 -DARCH_BLACKHOLE -DDISPATCH_MESSAGE_ADDR=4290184248 -DKERNEL_BUILD -DFULL_KERNEL_NAME="layernorm/17958139477863546101/" -include named_ct_arg_map_generated.h -c -o /home/lu_zero/.cache/tt-metal-cache/192705464604149581/kernels/layernorm/17958139477863546101/trisc0/trisck.2176806833681172996_103324.o /home/lu_zero/Sources/tt/tt-metal/tt_metal/hw/firmware/src/tt-1xx/trisck.cc -MF /home/lu_zero/.cache/tt-metal-cache/192705464604149581/kernels/layernorm/17958139477863546101/trisc0/trisck.2176806833681172996_103324.d
In file included from ../chlkc_unpack.cpp:6,
                 from /home/lu_zero/Sources/tt/tt-metal/tt_metal/hw/ckernels/blackhole/metal/common/chlkc_list.h:26,
                 from /home/lu_zero/Sources/tt/tt-metal/tt_metal/hw/firmware/src/tt-1xx/trisck.cc:13:
/home/lu_zero/Sources/tt/tt-metal/ttnn/cpp/ttnn/operations/normalization/layernorm/device/kernels/compute/layernorm.cpp: In function 'void kernel_main()':
/home/lu_zero/Sources/tt/tt-metal/ttnn/cpp/ttnn/operations/normalization/layernorm/device/kernels/compute/layernorm.cpp:128:20: warning: variable 'dfb_x_id' set but not used [-Wunused-but-set-variable]
  128 |     constexpr auto dfb_x_id = dfb_in_id;
      |                    ^~~~~~~~
Building trisc2, compile step:
/home/lu_zero/Sources/tt/tt-metal/runtime/sfpi/compiler/bin/riscv-tt-elf-g++ -O3 -std=c++17 -ftt-nttp -ftt-constinit -ftt-consteval -ftt-no-dyninit -flto=auto -ffast-math -fno-finite-math-only -fsigned-zeros -fno-associative-math -fno-exceptions -fno-rtti -fno-use-cxa-atexit -g -MMD -Wall -Werror -Wno-error=deprecated-declarations -Wno-error=multistatement-macros -Wno-error=parentheses -Wno-error=unused-but-set-variable -Wno-unused-variable -Wno-unused-function --param=min-pagesize=0 -mcpu=tt-bh-tensix -I. -I.. -I/home/lu_zero/Sources/tt/tt-metal/ -I/home/lu_zero/Sources/tt/tt-metal/ttnn -I/home/lu_zero/Sources/tt/tt-metal/ttnn/cpp -I/home/lu_zero/Sources/tt/tt-metal/tt_metal -I/home/lu_zero/Sources/tt/tt-metal/tt_metal/hw/inc -I/home/lu_zero/Sources/tt/tt-metal/tt_metal/tt-llk/common -I/home/lu_zero/Sources/tt/tt-metal/tt_metal/tt-llk/tools/include -I/home/lu_zero/Sources/tt/tt-metal/tt_metal/hostdevcommon/api -I/home/lu_zero/Sources/tt/tt-metal/tt_metal/api/ -I/home/lu_zero/Sources/tt/tt-metal/runtime/sfpi/include -I/home/lu_zero/Sources/tt/tt-metal/tt_metal/hw/ckernels/blackhole/metal/common -I/home/lu_zero/Sources/tt/tt-metal/tt_metal/hw/ckernels/blackhole/metal/llk_io -I/home/lu_zero/Sources/tt/tt-metal/tt_metal/hw/inc/internal/tt-1xx -I/home/lu_zero/Sources/tt/tt-metal/tt_metal/hw/inc/internal/tt-1xx/blackhole -I/home/lu_zero/Sources/tt/tt-metal/tt_metal/hw/inc/internal/tt-1xx/blackhole/blackhole_defines -I/home/lu_zero/Sources/tt/tt-metal/tt_metal/hw/inc/internal/tt-1xx/blackhole/noc -I/home/lu_zero/Sources/tt/tt-metal/tt_metal/tt-llk/tt_llk_blackhole/common/inc -I/home/lu_zero/Sources/tt/tt-metal/tt_metal/tt-llk/tt_llk_blackhole/llk_lib -I/home/lu_zero/Sources/tt/tt-metal/tt_metal/hw/ckernels/blackhole/metal/llk_api -I/home/lu_zero/Sources/tt/tt-metal/tt_metal/hw/ckernels/blackhole/metal/llk_api/llk_sfpu -I/home/lu_zero/Sources/tt/tt-metal/tt_metal/hw/firmware/src/tt-1xx -I/home/lu_zero/Sources/tt/tt-metal/ttnn/cpp/ttnn/operations/normalization/layernorm/device/kernels/compute -DIS_NOT_POW2_NUM_L1_BANKS=1 -DLOG_BASE_2_OF_NUM_DRAM_BANKS=3 -DNUM_DRAM_BANKS=8 -DNUM_L1_BANKS=110 -DPCIE_NOC_X=19 -DPCIE_NOC_Y=24 -DTENSIX_FIRMWARE -DLOCAL_MEM_EN=0 -DPROCESSOR_INDEX=4 -DUCK_CHLKC_PACK -DCOMPILE_FOR_TRISC=2 -DPROGRAMMABLE_CORE_TYPE=0 -DARCH_BLACKHOLE -DDISPATCH_MESSAGE_ADDR=4290184248 -DKERNEL_BUILD -DFULL_KERNEL_NAME="layernorm/17958139477863546101/" -include named_ct_arg_map_generated.h -c -o /home/lu_zero/.cache/tt-metal-cache/192705464604149581/kernels/layernorm/17958139477863546101/trisc2/trisck.2176806833681172996_103324.o /home/lu_zero/Sources/tt/tt-metal/tt_metal/hw/firmware/src/tt-1xx/trisck.cc -MF /home/lu_zero/.cache/tt-metal-cache/192705464604149581/kernels/layernorm/17958139477863546101/trisc2/trisck.2176806833681172996_103324.d
In file included from ../chlkc_pack.cpp:6,
                 from /home/lu_zero/Sources/tt/tt-metal/tt_metal/hw/ckernels/blackhole/metal/common/chlkc_list.h:21,
                 from /home/lu_zero/Sources/tt/tt-metal/tt_metal/hw/firmware/src/tt-1xx/trisck.cc:13:
/home/lu_zero/Sources/tt/tt-metal/ttnn/cpp/ttnn/operations/normalization/layernorm/device/kernels/compute/layernorm.cpp: In function 'void kernel_main()':
/home/lu_zero/Sources/tt/tt-metal/ttnn/cpp/ttnn/operations/normalization/layernorm/device/kernels/compute/layernorm.cpp:128:20: warning: variable 'dfb_x_id' set but not used [-Wunused-but-set-variable]
  128 |     constexpr auto dfb_x_id = dfb_in_id;
      |                    ^~~~~~~~
Building trisc1, compile step:
/home/lu_zero/Sources/tt/tt-metal/runtime/sfpi/compiler/bin/riscv-tt-elf-g++ -O3 -std=c++17 -ftt-nttp -ftt-constinit -ftt-consteval -ftt-no-dyninit -flto=auto -ffast-math -fno-finite-math-only -fsigned-zeros -fno-associative-math -fno-exceptions -fno-rtti -fno-use-cxa-atexit -g -MMD -Wall -Werror -Wno-error=deprecated-declarations -Wno-error=multistatement-macros -Wno-error=parentheses -Wno-error=unused-but-set-variable -Wno-unused-variable -Wno-unused-function --param=min-pagesize=0 -mcpu=tt-bh-tensix -I. -I.. -I/home/lu_zero/Sources/tt/tt-metal/ -I/home/lu_zero/Sources/tt/tt-metal/ttnn -I/home/lu_zero/Sources/tt/tt-metal/ttnn/cpp -I/home/lu_zero/Sources/tt/tt-metal/tt_metal -I/home/lu_zero/Sources/tt/tt-metal/tt_metal/hw/inc -I/home/lu_zero/Sources/tt/tt-metal/tt_metal/tt-llk/common -I/home/lu_zero/Sources/tt/tt-metal/tt_metal/tt-llk/tools/include -I/home/lu_zero/Sources/tt/tt-metal/tt_metal/hostdevcommon/api -I/home/lu_zero/Sources/tt/tt-metal/tt_metal/api/ -I/home/lu_zero/Sources/tt/tt-metal/runtime/sfpi/include -I/home/lu_zero/Sources/tt/tt-metal/tt_metal/hw/ckernels/blackhole/metal/common -I/home/lu_zero/Sources/tt/tt-metal/tt_metal/hw/ckernels/blackhole/metal/llk_io -I/home/lu_zero/Sources/tt/tt-metal/tt_metal/hw/inc/internal/tt-1xx -I/home/lu_zero/Sources/tt/tt-metal/tt_metal/hw/inc/internal/tt-1xx/blackhole -I/home/lu_zero/Sources/tt/tt-metal/tt_metal/hw/inc/internal/tt-1xx/blackhole/blackhole_defines -I/home/lu_zero/Sources/tt/tt-metal/tt_metal/hw/inc/internal/tt-1xx/blackhole/noc -I/home/lu_zero/Sources/tt/tt-metal/tt_metal/tt-llk/tt_llk_blackhole/common/inc -I/home/lu_zero/Sources/tt/tt-metal/tt_metal/tt-llk/tt_llk_blackhole/llk_lib -I/home/lu_zero/Sources/tt/tt-metal/tt_metal/hw/ckernels/blackhole/metal/llk_api -I/home/lu_zero/Sources/tt/tt-metal/tt_metal/hw/ckernels/blackhole/metal/llk_api/llk_sfpu -I/home/lu_zero/Sources/tt/tt-metal/tt_metal/hw/firmware/src/tt-1xx -I/home/lu_zero/Sources/tt/tt-metal/ttnn/cpp/ttnn/operations/normalization/layernorm/device/kernels/compute -DIS_NOT_POW2_NUM_L1_BANKS=1 -DLOG_BASE_2_OF_NUM_DRAM_BANKS=3 -DNUM_DRAM_BANKS=8 -DNUM_L1_BANKS=110 -DPCIE_NOC_X=19 -DPCIE_NOC_Y=24 -DTENSIX_FIRMWARE -DLOCAL_MEM_EN=0 -DPROCESSOR_INDEX=3 -DUCK_CHLKC_MATH -DCOMPILE_FOR_TRISC=1 -DPROGRAMMABLE_CORE_TYPE=0 -DARCH_BLACKHOLE -DDISPATCH_MESSAGE_ADDR=4290184248 -DKERNEL_BUILD -DFULL_KERNEL_NAME="layernorm/17958139477863546101/" -include named_ct_arg_map_generated.h -c -o /home/lu_zero/.cache/tt-metal-cache/192705464604149581/kernels/layernorm/17958139477863546101/trisc1/trisck.2176806833681172996_103324.o /home/lu_zero/Sources/tt/tt-metal/tt_metal/hw/firmware/src/tt-1xx/trisck.cc -MF /home/lu_zero/.cache/tt-metal-cache/192705464604149581/kernels/layernorm/17958139477863546101/trisc1/trisck.2176806833681172996_103324.d
In file included from ../chlkc_math.cpp:6,
                 from /home/lu_zero/Sources/tt/tt-metal/tt_metal/hw/ckernels/blackhole/metal/common/chlkc_list.h:16,
                 from /home/lu_zero/Sources/tt/tt-metal/tt_metal/hw/firmware/src/tt-1xx/trisck.cc:13:
/home/lu_zero/Sources/tt/tt-metal/ttnn/cpp/ttnn/operations/normalization/layernorm/device/kernels/compute/layernorm.cpp: In function 'void kernel_main()':
/home/lu_zero/Sources/tt/tt-metal/ttnn/cpp/ttnn/operations/normalization/layernorm/device/kernels/compute/layernorm.cpp:128:20: warning: variable 'dfb_x_id' set but not used [-Wunused-but-set-variable]
  128 |     constexpr auto dfb_x_id = dfb_in_id;
      |                    ^~~~~~~~
2026-09-24 01:57:33.347 | info     |           Metal | Enabling program cache on MeshDevice 1 (mesh_device.cpp:1176)
2026-09-24 01:57:33.881 | info     |           Metal | Enabling program cache on MeshDevice 1 (mesh_device.cpp:1176)
2026-09-24 01:57:34.420 | info     |           Metal | Enabling program cache on MeshDevice 1 (mesh_device.cpp:1176)
2026-09-24 01:57:34.959 | info     |           Metal | Enabling program cache on MeshDevice 1 (mesh_device.cpp:1176)
2026-09-24 01:57:35.496 | info     |           Metal | Enabling program cache on MeshDevice 1 (mesh_device.cpp:1176)
2026-09-24 01:57:36.033 | info     |           Metal | Enabling program cache on MeshDevice 1 (mesh_device.cpp:1176)
2026-09-24 01:57:36.571 | info     |           Metal | Enabling program cache on MeshDevice 1 (mesh_device.cpp:1176)
2026-09-24 01:57:37.110 | info     |           Metal | Enabling program cache on MeshDevice 1 (mesh_device.cpp:1176)
2026-09-24 01:57:37.647 | info     |           Metal | Enabling program cache on MeshDevice 1 (mesh_device.cpp:1176)
2026-09-24 01:57:38.184 | info     |           Metal | Enabling program cache on MeshDevice 1 (mesh_device.cpp:1176)
2026-09-24 01:57:38.722 | info     |           Metal | Enabling program cache on MeshDevice 1 (mesh_device.cpp:1176)
2026-09-24 01:57:39.259 | info     |           Metal | Enabling program cache on MeshDevice 1 (mesh_device.cpp:1176)
2026-09-24 01:57:39.796 | info     |           Metal | Enabling program cache on MeshDevice 1 (mesh_device.cpp:1176)
2026-09-24 01:57:40.334 | info     |           Metal | Enabling program cache on MeshDevice 1 (mesh_device.cpp:1176)
/tmp/row-int8dot-flip/tests/parity/test_qwen35_paged_engine.cpp:430: FATAL ERROR: REQUIRE( anchor_ok ) is NOT correct!
  values: REQUIRE( false )
  logged: 1 anchor drift prompt[0] tok=0 engine=11751 committed anchor=279 — REGRESSION SUSPECTED: bisect the engine change first; only re-derive goldens (VT_DUMP_IDS=1 + qwen3-neartie-gap.py) after the drift is proven to be a justified numerical change, never to silence the gate

===============================================================================
/tmp/row-int8dot-flip/tests/parity/test_qwen35_paged_engine.cpp:797:
TEST CASE:  qwen3.5-0.8B GGUF Q4_K_M paged-engine greedy near-tie gate (Tenstorrent, checkpoint-gated)

/tmp/row-int8dot-flip/tests/parity/test_qwen35_paged_engine.cpp:249: MESSAGE: 1: loading via FromModelDir(/mnt/models/unsloth-qwen3.5-0.8B-gguf/Qwen3.5-0.8B-Q4_K_M.gguf)...

engine: device placement: --fit resolved NO placement: the model has no routed-expert layers, so a placement has nothing to move
INFO auto-fit max_model_len: reduced from 262144 to 4064 to fit the KV cache (256 blocks, one of them the null block, shared by 2 KV cache groups). Raise --num-blocks / --kv-cache-memory for a longer context.
INFO recurrent-state budget: reduced max_num_seqs from 32 to 15. The KV pool (256 blocks) holds 15 unified pages of 544 tokens (one page = one 1085440-byte GDN state), and each sequence owns 1 of them. Raise --num-blocks / --kv-cache-memory for more concurrent sequences, or lower num_speculative_tokens.
2026-09-24 01:57:42.374 | info     |           Metal | Enabling program cache on MeshDevice 1 (mesh_device.cpp:1176)
2026-09-24 01:57:42.375 | info     |           Metal | Enabling program cache on MeshDevice 1 (mesh_device.cpp:1176)
2026-09-24 01:57:42.375 | info     |           Metal | Enabling program cache on MeshDevice 1 (mesh_device.cpp:1176)
2026-09-24 01:57:42.375 | info     |           Metal | Enabling program cache on MeshDevice 1 (mesh_device.cpp:1176)
2026-09-24 01:57:42.376 | info     |           Metal | Enabling program cache on MeshDevice 1 (mesh_device.cpp:1176)
2026-09-24 01:57:42.376 | info     |           Metal | Enabling program cache on MeshDevice 1 (mesh_device.cpp:1176)
2026-09-24 01:57:42.376 | info     |           Metal | Enabling program cache on MeshDevice 1 (mesh_device.cpp:1176)
2026-09-24 01:57:42.377 | info     |           Metal | Enabling program cache on MeshDevice 1 (mesh_device.cpp:1176)
2026-09-24 01:57:42.377 | info     |           Metal | Enabling program cache on MeshDevice 1 (mesh_device.cpp:1176)
2026-09-24 01:57:42.378 | info     |           Metal | Enabling program cache on MeshDevice 1 (mesh_device.cpp:1176)
2026-09-24 01:57:42.378 | info     |           Metal | Enabling program cache on MeshDevice 1 (mesh_device.cpp:1176)
2026-09-24 01:57:42.378 | info     |           Metal | Enabling program cache on MeshDevice 1 (mesh_device.cpp:1176)
2026-09-24 01:57:42.378 | info     |           Metal | Enabling program cache on MeshDevice 1 (mesh_device.cpp:1176)
2026-09-24 01:57:42.379 | info     |           Metal | Enabling program cache on MeshDevice 1 (mesh_device.cpp:1176)
2026-09-24 01:57:42.379 | info     |           Metal | Enabling program cache on MeshDevice 1 (mesh_device.cpp:1176)
2026-09-24 01:57:42.379 | info     |           Metal | Enabling program cache on MeshDevice 1 (mesh_device.cpp:1176)
2026-09-24 01:57:42.380 | info     |           Metal | Enabling program cache on MeshDevice 1 (mesh_device.cpp:1176)
2026-09-24 01:57:42.380 | info     |           Metal | Enabling program cache on MeshDevice 1 (mesh_device.cpp:1176)
2026-09-24 01:57:42.380 | info     |           Metal | Enabling program cache on MeshDevice 1 (mesh_device.cpp:1176)
2026-09-24 01:57:42.380 | info     |           Metal | Enabling program cache on MeshDevice 1 (mesh_device.cpp:1176)
2026-09-24 01:57:42.381 | info     |           Metal | Enabling program cache on MeshDevice 1 (mesh_device.cpp:1176)
2026-09-24 01:57:42.381 | info     |           Metal | Enabling program cache on MeshDevice 1 (mesh_device.cpp:1176)
2026-09-24 01:57:42.381 | info     |           Metal | Enabling program cache on MeshDevice 1 (mesh_device.cpp:1176)
2026-09-24 01:57:42.382 | info     |           Metal | Enabling program cache on MeshDevice 1 (mesh_device.cpp:1176)
2026-09-24 01:57:42.382 | info     |           Metal | Enabling program cache on MeshDevice 1 (mesh_device.cpp:1176)
2026-09-24 01:57:42.382 | info     |           Metal | Enabling program cache on MeshDevice 1 (mesh_device.cpp:1176)
2026-09-24 01:57:42.382 | info     |           Metal | Enabling program cache on MeshDevice 1 (mesh_device.cpp:1176)
2026-09-24 01:57:42.383 | info     |           Metal | Enabling program cache on MeshDevice 1 (mesh_device.cpp:1176)
2026-09-24 01:57:42.383 | info     |           Metal | Enabling program cache on MeshDevice 1 (mesh_device.cpp:1176)
2026-09-24 01:57:42.383 | info     |           Metal | Enabling program cache on MeshDevice 1 (mesh_device.cpp:1176)
2026-09-24 01:57:42.384 | info     |           Metal | Enabling program cache on MeshDevice 1 (mesh_device.cpp:1176)
2026-09-24 01:57:42.384 | info     |           Metal | Enabling program cache on MeshDevice 1 (mesh_device.cpp:1176)
2026-09-24 01:57:42.384 | info     |           Metal | Enabling program cache on MeshDevice 1 (mesh_device.cpp:1176)
2026-09-24 01:57:42.384 | info     |           Metal | Enabling program cache on MeshDevice 1 (mesh_device.cpp:1176)
2026-09-24 01:57:42.385 | info     |           Metal | Enabling program cache on MeshDevice 1 (mesh_device.cpp:1176)
2026-09-24 01:57:42.385 | info     |           Metal | Enabling program cache on MeshDevice 1 (mesh_device.cpp:1176)
2026-09-24 01:57:42.385 | info     |           Metal | Enabling program cache on MeshDevice 1 (mesh_device.cpp:1176)
2026-09-24 01:57:42.386 | info     |           Metal | Enabling program cache on MeshDevice 1 (mesh_device.cpp:1176)
2026-09-24 01:57:42.386 | info     |           Metal | Enabling program cache on MeshDevice 1 (mesh_device.cpp:1176)
2026-09-24 01:57:42.386 | info     |           Metal | Enabling program cache on MeshDevice 1 (mesh_device.cpp:1176)
2026-09-24 01:57:42.386 | info     |           Metal | Enabling program cache on MeshDevice 1 (mesh_device.cpp:1176)
2026-09-24 01:57:42.387 | info     |           Metal | Enabling program cache on MeshDevice 1 (mesh_device.cpp:1176)
vllm.cpp: Asynchronous scheduling is disabled (max_concurrent_batches=1)
/tmp/row-int8dot-flip/tests/parity/test_qwen35_paged_engine.cpp:292: MESSAGE: 1: running on device type 6 (5=ROCM, 6=TENSTORRENT) — gated against 1

2026-09-24 01:57:43.828 | info     |           Metal | Enabling program cache on MeshDevice 1 (mesh_device.cpp:1176)
Building brisc, link step:
cd /home/lu_zero/.cache/tt-metal-cache/192705464604149581/kernels/Kernel_Source_Code/13625031183047665327/brisc/ && /home/lu_zero/Sources/tt/tt-metal/runtime/sfpi/compiler/bin/riscv-tt-elf-g++ -O2 -Wl,--just-symbols=/home/lu_zero/Sources/tt/tt-metal/tt_metal/pre-compiled/192705464604149581/brisc/brisc_weakened.elf -std=c++17 -ftt-nttp -ftt-constinit -ftt-consteval -ftt-no-dyninit -flto=auto -ffast-math -fno-finite-math-only -fsigned-zeros -fno-associative-math -fno-exceptions -fno-rtti -fno-use-cxa-atexit -g -Wl,-z,max-page-size=16 -Wl,-z,common-page-size=16 -nostartfiles -mcpu=tt-bh -fno-tree-loop-distribute-patterns -Wno-stringop-overflow -T/home/lu_zero/Sources/tt/tt-metal/runtime/hw/toolchain/blackhole/kernel_brisc.ld -Wl,--emit-relocs /home/lu_zero/Sources/tt/tt-metal/runtime/hw/lib/blackhole/noc.o /home/lu_zero/Sources/tt/tt-metal/runtime/hw/lib/blackhole/substitutes.o /home/lu_zero/.cache/tt-metal-cache/192705464604149581/kernels/Kernel_Source_Code/13625031183047665327/brisc/brisck.2176806833681172996_103324.o -o /home/lu_zero/.cache/tt-metal-cache/192705464604149581/kernels/Kernel_Source_Code/13625031183047665327/brisc/brisc.2176806833681172996_103324.elf
/tmp/cc2vMxoh.s: Assembler messages:
/tmp/cc2vMxoh.s:15776: Warning: ignoring changed section attributes for .text
Building brisc, link step:
cd /home/lu_zero/.cache/tt-metal-cache/192705464604149581/kernels/Kernel_Source_Code/4207291701619573582/brisc/ && /home/lu_zero/Sources/tt/tt-metal/runtime/sfpi/compiler/bin/riscv-tt-elf-g++ -O2 -Wl,--just-symbols=/home/lu_zero/Sources/tt/tt-metal/tt_metal/pre-compiled/192705464604149581/brisc/brisc_weakened.elf -std=c++17 -ftt-nttp -ftt-constinit -ftt-consteval -ftt-no-dyninit -flto=auto -ffast-math -fno-finite-math-only -fsigned-zeros -fno-associative-math -fno-exceptions -fno-rtti -fno-use-cxa-atexit -g -Wl,-z,max-page-size=16 -Wl,-z,common-page-size=16 -nostartfiles -mcpu=tt-bh -fno-tree-loop-distribute-patterns -Wno-stringop-overflow -T/home/lu_zero/Sources/tt/tt-metal/runtime/hw/toolchain/blackhole/kernel_brisc.ld -Wl,--emit-relocs /home/lu_zero/Sources/tt/tt-metal/runtime/hw/lib/blackhole/noc.o /home/lu_zero/Sources/tt/tt-metal/runtime/hw/lib/blackhole/substitutes.o /home/lu_zero/.cache/tt-metal-cache/192705464604149581/kernels/Kernel_Source_Code/4207291701619573582/brisc/brisck.2176806833681172996_103324.o -o /home/lu_zero/.cache/tt-metal-cache/192705464604149581/kernels/Kernel_Source_Code/4207291701619573582/brisc/brisc.2176806833681172996_103324.elf
/tmp/ccYLreHi.s: Assembler messages:
/tmp/ccYLreHi.s:15776: Warning: ignoring changed section attributes for .text
Building brisc, link step:
cd /home/lu_zero/.cache/tt-metal-cache/192705464604149581/kernels/Kernel_Source_Code/6356962735783514154/brisc/ && /home/lu_zero/Sources/tt/tt-metal/runtime/sfpi/compiler/bin/riscv-tt-elf-g++ -O2 -Wl,--just-symbols=/home/lu_zero/Sources/tt/tt-metal/tt_metal/pre-compiled/192705464604149581/brisc/brisc_weakened.elf -std=c++17 -ftt-nttp -ftt-constinit -ftt-consteval -ftt-no-dyninit -flto=auto -ffast-math -fno-finite-math-only -fsigned-zeros -fno-associative-math -fno-exceptions -fno-rtti -fno-use-cxa-atexit -g -Wl,-z,max-page-size=16 -Wl,-z,common-page-size=16 -nostartfiles -mcpu=tt-bh -fno-tree-loop-distribute-patterns -Wno-stringop-overflow -T/home/lu_zero/Sources/tt/tt-metal/runtime/hw/toolchain/blackhole/kernel_brisc.ld -Wl,--emit-relocs /home/lu_zero/Sources/tt/tt-metal/runtime/hw/lib/blackhole/noc.o /home/lu_zero/Sources/tt/tt-metal/runtime/hw/lib/blackhole/substitutes.o /home/lu_zero/.cache/tt-metal-cache/192705464604149581/kernels/Kernel_Source_Code/6356962735783514154/brisc/brisck.2176806833681172996_103324.o -o /home/lu_zero/.cache/tt-metal-cache/192705464604149581/kernels/Kernel_Source_Code/6356962735783514154/brisc/brisc.2176806833681172996_103324.elf
/tmp/ccU9PyQi.s: Assembler messages:
/tmp/ccU9PyQi.s:15771: Warning: ignoring changed section attributes for .text
Building brisc, link step:
cd /home/lu_zero/.cache/tt-metal-cache/192705464604149581/kernels/Kernel_Source_Code/15434781404499025884/brisc/ && /home/lu_zero/Sources/tt/tt-metal/runtime/sfpi/compiler/bin/riscv-tt-elf-g++ -O2 -Wl,--just-symbols=/home/lu_zero/Sources/tt/tt-metal/tt_metal/pre-compiled/192705464604149581/brisc/brisc_weakened.elf -std=c++17 -ftt-nttp -ftt-constinit -ftt-consteval -ftt-no-dyninit -flto=auto -ffast-math -fno-finite-math-only -fsigned-zeros -fno-associative-math -fno-exceptions -fno-rtti -fno-use-cxa-atexit -g -Wl,-z,max-page-size=16 -Wl,-z,common-page-size=16 -nostartfiles -mcpu=tt-bh -fno-tree-loop-distribute-patterns -Wno-stringop-overflow -T/home/lu_zero/Sources/tt/tt-metal/runtime/hw/toolchain/blackhole/kernel_brisc.ld -Wl,--emit-relocs /home/lu_zero/Sources/tt/tt-metal/runtime/hw/lib/blackhole/noc.o /home/lu_zero/Sources/tt/tt-metal/runtime/hw/lib/blackhole/substitutes.o /home/lu_zero/.cache/tt-metal-cache/192705464604149581/kernels/Kernel_Source_Code/15434781404499025884/brisc/brisck.2176806833681172996_103324.o -o /home/lu_zero/.cache/tt-metal-cache/192705464604149581/kernels/Kernel_Source_Code/15434781404499025884/brisc/brisc.2176806833681172996_103324.elf
/tmp/ccPYMfYE.s: Assembler messages:
/tmp/ccPYMfYE.s:15770: Warning: ignoring changed section attributes for .text
Building brisc, link step:
cd /home/lu_zero/.cache/tt-metal-cache/192705464604149581/kernels/Kernel_Source_Code/8466241400932259246/brisc/ && /home/lu_zero/Sources/tt/tt-metal/runtime/sfpi/compiler/bin/riscv-tt-elf-g++ -O2 -Wl,--just-symbols=/home/lu_zero/Sources/tt/tt-metal/tt_metal/pre-compiled/192705464604149581/brisc/brisc_weakened.elf -std=c++17 -ftt-nttp -ftt-constinit -ftt-consteval -ftt-no-dyninit -flto=auto -ffast-math -fno-finite-math-only -fsigned-zeros -fno-associative-math -fno-exceptions -fno-rtti -fno-use-cxa-atexit -g -Wl,-z,max-page-size=16 -Wl,-z,common-page-size=16 -nostartfiles -mcpu=tt-bh -fno-tree-loop-distribute-patterns -Wno-stringop-overflow -T/home/lu_zero/Sources/tt/tt-metal/runtime/hw/toolchain/blackhole/kernel_brisc.ld -Wl,--emit-relocs /home/lu_zero/Sources/tt/tt-metal/runtime/hw/lib/blackhole/noc.o /home/lu_zero/Sources/tt/tt-metal/runtime/hw/lib/blackhole/substitutes.o /home/lu_zero/.cache/tt-metal-cache/192705464604149581/kernels/Kernel_Source_Code/8466241400932259246/brisc/brisck.2176806833681172996_103324.o -o /home/lu_zero/.cache/tt-metal-cache/192705464604149581/kernels/Kernel_Source_Code/8466241400932259246/brisc/brisc.2176806833681172996_103324.elf
/tmp/ccKXgaAR.s: Assembler messages:
/tmp/ccKXgaAR.s:15801: Warning: ignoring changed section attributes for .text
Building brisc, link step:
cd /home/lu_zero/.cache/tt-metal-cache/192705464604149581/kernels/Kernel_Source_Code/16985041282313372567/brisc/ && /home/lu_zero/Sources/tt/tt-metal/runtime/sfpi/compiler/bin/riscv-tt-elf-g++ -O2 -Wl,--just-symbols=/home/lu_zero/Sources/tt/tt-metal/tt_metal/pre-compiled/192705464604149581/brisc/brisc_weakened.elf -std=c++17 -ftt-nttp -ftt-constinit -ftt-consteval -ftt-no-dyninit -flto=auto -ffast-math -fno-finite-math-only -fsigned-zeros -fno-associative-math -fno-exceptions -fno-rtti -fno-use-cxa-atexit -g -Wl,-z,max-page-size=16 -Wl,-z,common-page-size=16 -nostartfiles -mcpu=tt-bh -fno-tree-loop-distribute-patterns -Wno-stringop-overflow -T/home/lu_zero/Sources/tt/tt-metal/runtime/hw/toolchain/blackhole/kernel_brisc.ld -Wl,--emit-relocs /home/lu_zero/Sources/tt/tt-metal/runtime/hw/lib/blackhole/noc.o /home/lu_zero/Sources/tt/tt-metal/runtime/hw/lib/blackhole/substitutes.o /home/lu_zero/.cache/tt-metal-cache/192705464604149581/kernels/Kernel_Source_Code/16985041282313372567/brisc/brisck.2176806833681172996_103324.o -o /home/lu_zero/.cache/tt-metal-cache/192705464604149581/kernels/Kernel_Source_Code/16985041282313372567/brisc/brisc.2176806833681172996_103324.elf
/tmp/cctS4ryS.s: Assembler messages:
/tmp/cctS4ryS.s:15776: Warning: ignoring changed section attributes for .text
Building brisc, link step:
cd /home/lu_zero/.cache/tt-metal-cache/192705464604149581/kernels/Kernel_Source_Code/9816703900974068066/brisc/ && /home/lu_zero/Sources/tt/tt-metal/runtime/sfpi/compiler/bin/riscv-tt-elf-g++ -O2 -Wl,--just-symbols=/home/lu_zero/Sources/tt/tt-metal/tt_metal/pre-compiled/192705464604149581/brisc/brisc_weakened.elf -std=c++17 -ftt-nttp -ftt-constinit -ftt-consteval -ftt-no-dyninit -flto=auto -ffast-math -fno-finite-math-only -fsigned-zeros -fno-associative-math -fno-exceptions -fno-rtti -fno-use-cxa-atexit -g -Wl,-z,max-page-size=16 -Wl,-z,common-page-size=16 -nostartfiles -mcpu=tt-bh -fno-tree-loop-distribute-patterns -Wno-stringop-overflow -T/home/lu_zero/Sources/tt/tt-metal/runtime/hw/toolchain/blackhole/kernel_brisc.ld -Wl,--emit-relocs /home/lu_zero/Sources/tt/tt-metal/runtime/hw/lib/blackhole/noc.o /home/lu_zero/Sources/tt/tt-metal/runtime/hw/lib/blackhole/substitutes.o /home/lu_zero/.cache/tt-metal-cache/192705464604149581/kernels/Kernel_Source_Code/9816703900974068066/brisc/brisck.2176806833681172996_103324.o -o /home/lu_zero/.cache/tt-metal-cache/192705464604149581/kernels/Kernel_Source_Code/9816703900974068066/brisc/brisc.2176806833681172996_103324.elf
/tmp/ccCucXVc.s: Assembler messages:
/tmp/ccCucXVc.s:15776: Warning: ignoring changed section attributes for .text
Building brisc, link step:
cd /home/lu_zero/.cache/tt-metal-cache/192705464604149581/kernels/Kernel_Source_Code/5492347551084450496/brisc/ && /home/lu_zero/Sources/tt/tt-metal/runtime/sfpi/compiler/bin/riscv-tt-elf-g++ -O2 -Wl,--just-symbols=/home/lu_zero/Sources/tt/tt-metal/tt_metal/pre-compiled/192705464604149581/brisc/brisc_weakened.elf -std=c++17 -ftt-nttp -ftt-constinit -ftt-consteval -ftt-no-dyninit -flto=auto -ffast-math -fno-finite-math-only -fsigned-zeros -fno-associative-math -fno-exceptions -fno-rtti -fno-use-cxa-atexit -g -Wl,-z,max-page-size=16 -Wl,-z,common-page-size=16 -nostartfiles -mcpu=tt-bh -fno-tree-loop-distribute-patterns -Wno-stringop-overflow -T/home/lu_zero/Sources/tt/tt-metal/runtime/hw/toolchain/blackhole/kernel_brisc.ld -Wl,--emit-relocs /home/lu_zero/Sources/tt/tt-metal/runtime/hw/lib/blackhole/noc.o /home/lu_zero/Sources/tt/tt-metal/runtime/hw/lib/blackhole/substitutes.o /home/lu_zero/.cache/tt-metal-cache/192705464604149581/kernels/Kernel_Source_Code/5492347551084450496/brisc/brisck.2176806833681172996_103324.o -o /home/lu_zero/.cache/tt-metal-cache/192705464604149581/kernels/Kernel_Source_Code/5492347551084450496/brisc/brisc.2176806833681172996_103324.elf
/tmp/ccCPFG55.s: Assembler messages:
/tmp/ccCPFG55.s:15771: Warning: ignoring changed section attributes for .text
Building brisc, link step:
cd /home/lu_zero/.cache/tt-metal-cache/192705464604149581/kernels/Kernel_Source_Code/8698539450775949152/brisc/ && /home/lu_zero/Sources/tt/tt-metal/runtime/sfpi/compiler/bin/riscv-tt-elf-g++ -O2 -Wl,--just-symbols=/home/lu_zero/Sources/tt/tt-metal/tt_metal/pre-compiled/192705464604149581/brisc/brisc_weakened.elf -std=c++17 -ftt-nttp -ftt-constinit -ftt-consteval -ftt-no-dyninit -flto=auto -ffast-math -fno-finite-math-only -fsigned-zeros -fno-associative-math -fno-exceptions -fno-rtti -fno-use-cxa-atexit -g -Wl,-z,max-page-size=16 -Wl,-z,common-page-size=16 -nostartfiles -mcpu=tt-bh -fno-tree-loop-distribute-patterns -Wno-stringop-overflow -T/home/lu_zero/Sources/tt/tt-metal/runtime/hw/toolchain/blackhole/kernel_brisc.ld -Wl,--emit-relocs /home/lu_zero/Sources/tt/tt-metal/runtime/hw/lib/blackhole/noc.o /home/lu_zero/Sources/tt/tt-metal/runtime/hw/lib/blackhole/substitutes.o /home/lu_zero/.cache/tt-metal-cache/192705464604149581/kernels/Kernel_Source_Code/8698539450775949152/brisc/brisck.2176806833681172996_103324.o -o /home/lu_zero/.cache/tt-metal-cache/192705464604149581/kernels/Kernel_Source_Code/8698539450775949152/brisc/brisc.2176806833681172996_103324.elf
/tmp/ccizxIbs.s: Assembler messages:
/tmp/ccizxIbs.s:15771: Warning: ignoring changed section attributes for .text
Building brisc, link step:
cd /home/lu_zero/.cache/tt-metal-cache/192705464604149581/kernels/Kernel_Source_Code/15784310574301228723/brisc/ && /home/lu_zero/Sources/tt/tt-metal/runtime/sfpi/compiler/bin/riscv-tt-elf-g++ -O2 -Wl,--just-symbols=/home/lu_zero/Sources/tt/tt-metal/tt_metal/pre-compiled/192705464604149581/brisc/brisc_weakened.elf -std=c++17 -ftt-nttp -ftt-constinit -ftt-consteval -ftt-no-dyninit -flto=auto -ffast-math -fno-finite-math-only -fsigned-zeros -fno-associative-math -fno-exceptions -fno-rtti -fno-use-cxa-atexit -g -Wl,-z,max-page-size=16 -Wl,-z,common-page-size=16 -nostartfiles -mcpu=tt-bh -fno-tree-loop-distribute-patterns -Wno-stringop-overflow -T/home/lu_zero/Sources/tt/tt-metal/runtime/hw/toolchain/blackhole/kernel_brisc.ld -Wl,--emit-relocs /home/lu_zero/Sources/tt/tt-metal/runtime/hw/lib/blackhole/noc.o /home/lu_zero/Sources/tt/tt-metal/runtime/hw/lib/blackhole/substitutes.o /home/lu_zero/.cache/tt-metal-cache/192705464604149581/kernels/Kernel_Source_Code/15784310574301228723/brisc/brisck.2176806833681172996_103324.o -o /home/lu_zero/.cache/tt-metal-cache/192705464604149581/kernels/Kernel_Source_Code/15784310574301228723/brisc/brisc.2176806833681172996_103324.elf
/tmp/ccUIkdo2.s: Assembler messages:
/tmp/ccUIkdo2.s:15776: Warning: ignoring changed section attributes for .text
Building brisc, link step:
cd /home/lu_zero/.cache/tt-metal-cache/192705464604149581/kernels/Kernel_Source_Code/5894934965702915255/brisc/ && /home/lu_zero/Sources/tt/tt-metal/runtime/sfpi/compiler/bin/riscv-tt-elf-g++ -O2 -Wl,--just-symbols=/home/lu_zero/Sources/tt/tt-metal/tt_metal/pre-compiled/192705464604149581/brisc/brisc_weakened.elf -std=c++17 -ftt-nttp -ftt-constinit -ftt-consteval -ftt-no-dyninit -flto=auto -ffast-math -fno-finite-math-only -fsigned-zeros -fno-associative-math -fno-exceptions -fno-rtti -fno-use-cxa-atexit -g -Wl,-z,max-page-size=16 -Wl,-z,common-page-size=16 -nostartfiles -mcpu=tt-bh -fno-tree-loop-distribute-patterns -Wno-stringop-overflow -T/home/lu_zero/Sources/tt/tt-metal/runtime/hw/toolchain/blackhole/kernel_brisc.ld -Wl,--emit-relocs /home/lu_zero/Sources/tt/tt-metal/runtime/hw/lib/blackhole/noc.o /home/lu_zero/Sources/tt/tt-metal/runtime/hw/lib/blackhole/substitutes.o /home/lu_zero/.cache/tt-metal-cache/192705464604149581/kernels/Kernel_Source_Code/5894934965702915255/brisc/brisck.2176806833681172996_103324.o -o /home/lu_zero/.cache/tt-metal-cache/192705464604149581/kernels/Kernel_Source_Code/5894934965702915255/brisc/brisc.2176806833681172996_103324.elf
/tmp/ccRElQzB.s: Assembler messages:
/tmp/ccRElQzB.s:15801: Warning: ignoring changed section attributes for .text
2026-09-24 01:59:13.923 | info     |           Metal | Enabling program cache on MeshDevice 1 (mesh_device.cpp:1176)
2026-09-24 01:59:31.046 | info     |           Metal | Enabling program cache on MeshDevice 1 (mesh_device.cpp:1176)
2026-09-24 01:59:32.163 | info     |           Metal | Enabling program cache on MeshDevice 1 (mesh_device.cpp:1176)
2026-09-24 01:59:33.294 | info     |           Metal | Enabling program cache on MeshDevice 1 (mesh_device.cpp:1176)
2026-09-24 01:59:34.414 | info     |           Metal | Enabling program cache on MeshDevice 1 (mesh_device.cpp:1176)
2026-09-24 01:59:35.530 | info     |           Metal | Enabling program cache on MeshDevice 1 (mesh_device.cpp:1176)
2026-09-24 01:59:36.657 | info     |           Metal | Enabling program cache on MeshDevice 1 (mesh_device.cpp:1176)
2026-09-24 01:59:37.779 | info     |           Metal | Enabling program cache on MeshDevice 1 (mesh_device.cpp:1176)
2026-09-24 01:59:38.893 | info     |           Metal | Enabling program cache on MeshDevice 1 (mesh_device.cpp:1176)
2026-09-24 01:59:40.012 | info     |           Metal | Enabling program cache on MeshDevice 1 (mesh_device.cpp:1176)
2026-09-24 01:59:41.137 | info     |           Metal | Enabling program cache on MeshDevice 1 (mesh_device.cpp:1176)
2026-09-24 01:59:42.252 | info     |           Metal | Enabling program cache on MeshDevice 1 (mesh_device.cpp:1176)
2026-09-24 01:59:43.377 | info     |           Metal | Enabling program cache on MeshDevice 1 (mesh_device.cpp:1176)
2026-09-24 01:59:44.494 | info     |           Metal | Enabling program cache on MeshDevice 1 (mesh_device.cpp:1176)
2026-09-24 01:59:45.618 | info     |           Metal | Enabling program cache on MeshDevice 1 (mesh_device.cpp:1176)
/tmp/row-int8dot-flip/tests/parity/test_qwen35_paged_engine.cpp:430: FATAL ERROR: REQUIRE( anchor_ok ) is NOT correct!
  values: REQUIRE( false )
  logged: 1 anchor drift prompt[0] tok=0 engine=7172 committed anchor=279 — REGRESSION SUSPECTED: bisect the engine change first; only re-derive goldens (VT_DUMP_IDS=1 + qwen3-neartie-gap.py) after the drift is proven to be a justified numerical change, never to silence the gate

===============================================================================
/tmp/row-int8dot-flip/tests/parity/test_qwen35_paged_engine.cpp:822:
TEST CASE:  qwen3.8-27B GGUF Q4_K_M paged-engine greedy near-tie gate (Tenstorrent, checkpoint-gated)

/tmp/row-int8dot-flip/tests/parity/test_qwen35_paged_engine.cpp:249: MESSAGE: 1: loading via FromModelDir(/mnt/models/unsloth-qwen3.8-27B-gguf/Qwen3.8-27B-Q4_K_M.gguf)...

engine: device placement: --fit resolved NO placement: the model has no routed-expert layers, so a placement has nothing to move
engine: qwen3.5 gguf: SKIPPING the MTP drafter head — 15 tensor(s), 289527808 B, none of them read by this trunk-only load: blk.64.attn_k.weight, blk.64.attn_k_norm.weight, blk.64.attn_norm.weight, blk.64.attn_output.weight, blk.64.attn_q.weight, blk.64.attn_q_norm.weight, blk.64.attn_v.weight, blk.64.ffn_down.weight, blk.64.ffn_gate.weight, blk.64.ffn_up.weight, blk.64.nextn.eh_proj.weight, blk.64.nextn.enorm.weight, blk.64.nextn.hnorm.weight, blk.64.nextn.shared_head_norm.weight, blk.64.post_attention_norm.weight. They are the multi-token-prediction head at blk.64 (block_count 65 = 64 trunk + 1 head); they load only when speculative decoding is configured (speculative-config method "mtp"). Denominator parity: the pinned llama.cpp b10451 oracle IGNORES these same tensors too (64 trunk layers, no MTP head; .agents/oracles/llama-cpp.md), so a gate against it is matched work only with this skip loud.
INFO recurrent-state budget: reduced max_num_seqs from 32 to 10. The KV pool (256 blocks) holds 10 unified pages of 800 tokens (one page = one 3207168-byte GDN state), and each sequence owns 1 of them. Raise --num-blocks / --kv-cache-memory for more concurrent sequences, or lower num_speculative_tokens.
2026-09-24 02:00:09.713 | info     |           Metal | Enabling program cache on MeshDevice 1 (mesh_device.cpp:1176)
2026-09-24 02:00:09.719 | info     |           Metal | Enabling program cache on MeshDevice 1 (mesh_device.cpp:1176)
2026-09-24 02:00:09.820 | info     |           Metal | Enabling program cache on MeshDevice 1 (mesh_device.cpp:1176)
2026-09-24 02:00:09.820 | info     |           Metal | Enabling program cache on MeshDevice 1 (mesh_device.cpp:1176)
2026-09-24 02:00:09.820 | info     |           Metal | Enabling program cache on MeshDevice 1 (mesh_device.cpp:1176)
2026-09-24 02:00:09.820 | info     |           Metal | Enabling program cache on MeshDevice 1 (mesh_device.cpp:1176)
2026-09-24 02:00:09.821 | info     |           Metal | Enabling program cache on MeshDevice 1 (mesh_device.cpp:1176)
2026-09-24 02:00:09.926 | info     |           Metal | Enabling program cache on MeshDevice 1 (mesh_device.cpp:1176)
2026-09-24 02:00:09.926 | info     |           Metal | Enabling program cache on MeshDevice 1 (mesh_device.cpp:1176)
2026-09-24 02:00:09.927 | info     |           Metal | Enabling program cache on MeshDevice 1 (mesh_device.cpp:1176)
2026-09-24 02:00:09.927 | info     |           Metal | Enabling program cache on MeshDevice 1 (mesh_device.cpp:1176)
2026-09-24 02:00:09.928 | info     |           Metal | Enabling program cache on MeshDevice 1 (mesh_device.cpp:1176)
2026-09-24 02:00:09.928 | info     |           Metal | Enabling program cache on MeshDevice 1 (mesh_device.cpp:1176)
2026-09-24 02:00:09.929 | info     |           Metal | Enabling program cache on MeshDevice 1 (mesh_device.cpp:1176)
2026-09-24 02:00:09.931 | info     |           Metal | Enabling program cache on MeshDevice 1 (mesh_device.cpp:1176)
2026-09-24 02:00:09.931 | info     |           Metal | Enabling program cache on MeshDevice 1 (mesh_device.cpp:1176)
2026-09-24 02:00:09.932 | info     |           Metal | Enabling program cache on MeshDevice 1 (mesh_device.cpp:1176)
2026-09-24 02:00:09.933 | info     |           Metal | Enabling program cache on MeshDevice 1 (mesh_device.cpp:1176)
2026-09-24 02:00:09.934 | info     |           Metal | Enabling program cache on MeshDevice 1 (mesh_device.cpp:1176)
2026-09-24 02:00:09.934 | info     |           Metal | Enabling program cache on MeshDevice 1 (mesh_device.cpp:1176)
2026-09-24 02:00:09.935 | info     |           Metal | Enabling program cache on MeshDevice 1 (mesh_device.cpp:1176)
2026-09-24 02:00:09.937 | info     |           Metal | Enabling program cache on MeshDevice 1 (mesh_device.cpp:1176)
2026-09-24 02:00:09.937 | info     |           Metal | Enabling program cache on MeshDevice 1 (mesh_device.cpp:1176)
2026-09-24 02:00:09.938 | info     |           Metal | Enabling program cache on MeshDevice 1 (mesh_device.cpp:1176)
2026-09-24 02:00:09.938 | info     |           Metal | Enabling program cache on MeshDevice 1 (mesh_device.cpp:1176)
2026-09-24 02:00:09.940 | info     |           Metal | Enabling program cache on MeshDevice 1 (mesh_device.cpp:1176)
2026-09-24 02:00:09.940 | info     |           Metal | Enabling program cache on MeshDevice 1 (mesh_device.cpp:1176)
2026-09-24 02:00:09.941 | info     |           Metal | Enabling program cache on MeshDevice 1 (mesh_device.cpp:1176)
2026-09-24 02:00:09.943 | info     |           Metal | Enabling program cache on MeshDevice 1 (mesh_device.cpp:1176)
2026-09-24 02:00:09.943 | info     |           Metal | Enabling program cache on MeshDevice 1 (mesh_device.cpp:1176)
2026-09-24 02:00:09.944 | info     |           Metal | Enabling program cache on MeshDevice 1 (mesh_device.cpp:1176)
2026-09-24 02:00:09.944 | info     |           Metal | Enabling program cache on MeshDevice 1 (mesh_device.cpp:1176)
2026-09-24 02:00:09.946 | info     |           Metal | Enabling program cache on MeshDevice 1 (mesh_device.cpp:1176)
2026-09-24 02:00:09.946 | info     |           Metal | Enabling program cache on MeshDevice 1 (mesh_device.cpp:1176)
2026-09-24 02:00:09.947 | info     |           Metal | Enabling program cache on MeshDevice 1 (mesh_device.cpp:1176)
2026-09-24 02:00:09.949 | info     |           Metal | Enabling program cache on MeshDevice 1 (mesh_device.cpp:1176)
2026-09-24 02:00:09.949 | info     |           Metal | Enabling program cache on MeshDevice 1 (mesh_device.cpp:1176)
2026-09-24 02:00:09.950 | info     |           Metal | Enabling program cache on MeshDevice 1 (mesh_device.cpp:1176)
2026-09-24 02:00:09.950 | info     |           Metal | Enabling program cache on MeshDevice 1 (mesh_device.cpp:1176)
2026-09-24 02:00:09.952 | info     |           Metal | Enabling program cache on MeshDevice 1 (mesh_device.cpp:1176)
2026-09-24 02:00:09.952 | info     |           Metal | Enabling program cache on MeshDevice 1 (mesh_device.cpp:1176)
2026-09-24 02:00:09.953 | info     |           Metal | Enabling program cache on MeshDevice 1 (mesh_device.cpp:1176)
2026-09-24 02:00:09.955 | info     |           Metal | Enabling program cache on MeshDevice 1 (mesh_device.cpp:1176)
2026-09-24 02:00:09.955 | info     |           Metal | Enabling program cache on MeshDevice 1 (mesh_device.cpp:1176)
2026-09-24 02:00:09.956 | info     |           Metal | Enabling program cache on MeshDevice 1 (mesh_device.cpp:1176)
2026-09-24 02:00:09.956 | info     |           Metal | Enabling program cache on MeshDevice 1 (mesh_device.cpp:1176)
2026-09-24 02:00:09.957 | info     |           Metal | Enabling program cache on MeshDevice 1 (mesh_device.cpp:1176)
2026-09-24 02:00:09.957 | info     |           Metal | Enabling program cache on MeshDevice 1 (mesh_device.cpp:1176)
2026-09-24 02:00:09.959 | info     |           Metal | Enabling program cache on MeshDevice 1 (mesh_device.cpp:1176)
2026-09-24 02:00:09.960 | info     |           Metal | Enabling program cache on MeshDevice 1 (mesh_device.cpp:1176)
2026-09-24 02:00:09.960 | info     |           Metal | Enabling program cache on MeshDevice 1 (mesh_device.cpp:1176)
2026-09-24 02:00:09.962 | info     |           Metal | Enabling program cache on MeshDevice 1 (mesh_device.cpp:1176)
2026-09-24 02:00:09.962 | info     |           Metal | Enabling program cache on MeshDevice 1 (mesh_device.cpp:1176)
2026-09-24 02:00:09.963 | info     |           Metal | Enabling program cache on MeshDevice 1 (mesh_device.cpp:1176)
2026-09-24 02:00:09.963 | info     |           Metal | Enabling program cache on MeshDevice 1 (mesh_device.cpp:1176)
2026-09-24 02:00:09.965 | info     |           Metal | Enabling program cache on MeshDevice 1 (mesh_device.cpp:1176)
2026-09-24 02:00:09.966 | info     |           Metal | Enabling program cache on MeshDevice 1 (mesh_device.cpp:1176)
2026-09-24 02:00:09.966 | info     |           Metal | Enabling program cache on MeshDevice 1 (mesh_device.cpp:1176)
2026-09-24 02:00:09.967 | info     |           Metal | Enabling program cache on MeshDevice 1 (mesh_device.cpp:1176)
2026-09-24 02:00:09.968 | info     |           Metal | Enabling program cache on MeshDevice 1 (mesh_device.cpp:1176)
2026-09-24 02:00:09.969 | info     |           Metal | Enabling program cache on MeshDevice 1 (mesh_device.cpp:1176)
2026-09-24 02:00:09.969 | info     |           Metal | Enabling program cache on MeshDevice 1 (mesh_device.cpp:1176)
2026-09-24 02:00:09.970 | info     |           Metal | Enabling program cache on MeshDevice 1 (mesh_device.cpp:1176)
2026-09-24 02:00:09.972 | info     |           Metal | Enabling program cache on MeshDevice 1 (mesh_device.cpp:1176)
2026-09-24 02:00:09.972 | info     |           Metal | Enabling program cache on MeshDevice 1 (mesh_device.cpp:1176)
2026-09-24 02:00:09.973 | info     |           Metal | Enabling program cache on MeshDevice 1 (mesh_device.cpp:1176)
2026-09-24 02:00:09.973 | info     |           Metal | Enabling program cache on MeshDevice 1 (mesh_device.cpp:1176)
2026-09-24 02:00:09.974 | info     |           Metal | Enabling program cache on MeshDevice 1 (mesh_device.cpp:1176)
2026-09-24 02:00:09.975 | info     |           Metal | Enabling program cache on MeshDevice 1 (mesh_device.cpp:1176)
2026-09-24 02:00:09.976 | info     |           Metal | Enabling program cache on MeshDevice 1 (mesh_device.cpp:1176)
2026-09-24 02:00:09.977 | info     |           Metal | Enabling program cache on MeshDevice 1 (mesh_device.cpp:1176)
2026-09-24 02:00:09.977 | info     |           Metal | Enabling program cache on MeshDevice 1 (mesh_device.cpp:1176)
2026-09-24 02:00:09.979 | info     |           Metal | Enabling program cache on MeshDevice 1 (mesh_device.cpp:1176)
2026-09-24 02:00:09.979 | info     |           Metal | Enabling program cache on MeshDevice 1 (mesh_device.cpp:1176)
2026-09-24 02:00:09.980 | info     |           Metal | Enabling program cache on MeshDevice 1 (mesh_device.cpp:1176)
2026-09-24 02:00:09.980 | info     |           Metal | Enabling program cache on MeshDevice 1 (mesh_device.cpp:1176)
2026-09-24 02:00:09.981 | info     |           Metal | Enabling program cache on MeshDevice 1 (mesh_device.cpp:1176)
2026-09-24 02:00:09.983 | info     |           Metal | Enabling program cache on MeshDevice 1 (mesh_device.cpp:1176)
2026-09-24 02:00:09.983 | info     |           Metal | Enabling program cache on MeshDevice 1 (mesh_device.cpp:1176)
2026-09-24 02:00:09.984 | info     |           Metal | Enabling program cache on MeshDevice 1 (mesh_device.cpp:1176)
2026-09-24 02:00:09.984 | info     |           Metal | Enabling program cache on MeshDevice 1 (mesh_device.cpp:1176)
2026-09-24 02:00:09.986 | info     |           Metal | Enabling program cache on MeshDevice 1 (mesh_device.cpp:1176)
2026-09-24 02:00:09.986 | info     |           Metal | Enabling program cache on MeshDevice 1 (mesh_device.cpp:1176)
2026-09-24 02:00:09.987 | info     |           Metal | Enabling program cache on MeshDevice 1 (mesh_device.cpp:1176)
2026-09-24 02:00:09.989 | info     |           Metal | Enabling program cache on MeshDevice 1 (mesh_device.cpp:1176)
2026-09-24 02:00:09.989 | info     |           Metal | Enabling program cache on MeshDevice 1 (mesh_device.cpp:1176)
2026-09-24 02:00:09.990 | info     |           Metal | Enabling program cache on MeshDevice 1 (mesh_device.cpp:1176)
2026-09-24 02:00:09.990 | info     |           Metal | Enabling program cache on MeshDevice 1 (mesh_device.cpp:1176)
2026-09-24 02:00:09.991 | info     |           Metal | Enabling program cache on MeshDevice 1 (mesh_device.cpp:1176)
2026-09-24 02:00:09.991 | info     |           Metal | Enabling program cache on MeshDevice 1 (mesh_device.cpp:1176)
2026-09-24 02:00:09.993 | info     |           Metal | Enabling program cache on MeshDevice 1 (mesh_device.cpp:1176)
2026-09-24 02:00:09.994 | info     |           Metal | Enabling program cache on MeshDevice 1 (mesh_device.cpp:1176)
2026-09-24 02:00:09.994 | info     |           Metal | Enabling program cache on MeshDevice 1 (mesh_device.cpp:1176)
2026-09-24 02:00:09.996 | info     |           Metal | Enabling program cache on MeshDevice 1 (mesh_device.cpp:1176)
2026-09-24 02:00:09.996 | info     |           Metal | Enabling program cache on MeshDevice 1 (mesh_device.cpp:1176)
2026-09-24 02:00:09.997 | info     |           Metal | Enabling program cache on MeshDevice 1 (mesh_device.cpp:1176)
2026-09-24 02:00:09.997 | info     |           Metal | Enabling program cache on MeshDevice 1 (mesh_device.cpp:1176)
2026-09-24 02:00:09.998 | info     |           Metal | Enabling program cache on MeshDevice 1 (mesh_device.cpp:1176)
2026-09-24 02:00:10.000 | info     |           Metal | Enabling program cache on MeshDevice 1 (mesh_device.cpp:1176)
2026-09-24 02:00:10.000 | info     |           Metal | Enabling program cache on MeshDevice 1 (mesh_device.cpp:1176)
2026-09-24 02:00:10.001 | info     |           Metal | Enabling program cache on MeshDevice 1 (mesh_device.cpp:1176)
2026-09-24 02:00:10.001 | info     |           Metal | Enabling program cache on MeshDevice 1 (mesh_device.cpp:1176)
2026-09-24 02:00:10.003 | info     |           Metal | Enabling program cache on MeshDevice 1 (mesh_device.cpp:1176)
2026-09-24 02:00:10.003 | info     |           Metal | Enabling program cache on MeshDevice 1 (mesh_device.cpp:1176)
2026-09-24 02:00:10.004 | info     |           Metal | Enabling program cache on MeshDevice 1 (mesh_device.cpp:1176)
2026-09-24 02:00:10.005 | info     |           Metal | Enabling program cache on MeshDevice 1 (mesh_device.cpp:1176)
2026-09-24 02:00:10.005 | info     |           Metal | Enabling program cache on MeshDevice 1 (mesh_device.cpp:1176)
2026-09-24 02:00:10.007 | info     |           Metal | Enabling program cache on MeshDevice 1 (mesh_device.cpp:1176)
2026-09-24 02:00:10.007 | info     |           Metal | Enabling program cache on MeshDevice 1 (mesh_device.cpp:1176)
2026-09-24 02:00:10.008 | info     |           Metal | Enabling program cache on MeshDevice 1 (mesh_device.cpp:1176)
2026-09-24 02:00:10.008 | info     |           Metal | Enabling program cache on MeshDevice 1 (mesh_device.cpp:1176)
2026-09-24 02:00:10.010 | info     |           Metal | Enabling program cache on MeshDevice 1 (mesh_device.cpp:1176)
vllm.cpp: Asynchronous scheduling is disabled (max_concurrent_batches=1)
/tmp/row-int8dot-flip/tests/parity/test_qwen35_paged_engine.cpp:292: MESSAGE: 1: running on device type 6 (5=ROCM, 6=TENSTORRENT) — gated against 1

2026-09-24 02:00:21.142 | info     |           Metal | Enabling program cache on MeshDevice 1 (mesh_device.cpp:1176)
Building trisc0, compile step:
/home/lu_zero/Sources/tt/tt-metal/runtime/sfpi/compiler/bin/riscv-tt-elf-g++ -O3 -std=c++17 -ftt-nttp -ftt-constinit -ftt-consteval -ftt-no-dyninit -flto=auto -ffast-math -fno-finite-math-only -fsigned-zeros -fno-associative-math -fno-exceptions -fno-rtti -fno-use-cxa-atexit -g -MMD -Wall -Werror -Wno-error=deprecated-declarations -Wno-error=multistatement-macros -Wno-error=parentheses -Wno-error=unused-but-set-variable -Wno-unused-variable -Wno-unused-function --param=min-pagesize=0 -mcpu=tt-bh-tensix -I. -I.. -I/home/lu_zero/Sources/tt/tt-metal/ -I/home/lu_zero/Sources/tt/tt-metal/ttnn -I/home/lu_zero/Sources/tt/tt-metal/ttnn/cpp -I/home/lu_zero/Sources/tt/tt-metal/tt_metal -I/home/lu_zero/Sources/tt/tt-metal/tt_metal/hw/inc -I/home/lu_zero/Sources/tt/tt-metal/tt_metal/tt-llk/common -I/home/lu_zero/Sources/tt/tt-metal/tt_metal/tt-llk/tools/include -I/home/lu_zero/Sources/tt/tt-metal/tt_metal/hostdevcommon/api -I/home/lu_zero/Sources/tt/tt-metal/tt_metal/api/ -I/home/lu_zero/Sources/tt/tt-metal/runtime/sfpi/include -I/home/lu_zero/Sources/tt/tt-metal/tt_metal/hw/ckernels/blackhole/metal/common -I/home/lu_zero/Sources/tt/tt-metal/tt_metal/hw/ckernels/blackhole/metal/llk_io -I/home/lu_zero/Sources/tt/tt-metal/tt_metal/hw/inc/internal/tt-1xx -I/home/lu_zero/Sources/tt/tt-metal/tt_metal/hw/inc/internal/tt-1xx/blackhole -I/home/lu_zero/Sources/tt/tt-metal/tt_metal/hw/inc/internal/tt-1xx/blackhole/blackhole_defines -I/home/lu_zero/Sources/tt/tt-metal/tt_metal/hw/inc/internal/tt-1xx/blackhole/noc -I/home/lu_zero/Sources/tt/tt-metal/tt_metal/tt-llk/tt_llk_blackhole/common/inc -I/home/lu_zero/Sources/tt/tt-metal/tt_metal/tt-llk/tt_llk_blackhole/llk_lib -I/home/lu_zero/Sources/tt/tt-metal/tt_metal/hw/ckernels/blackhole/metal/llk_api -I/home/lu_zero/Sources/tt/tt-metal/tt_metal/hw/ckernels/blackhole/metal/llk_api/llk_sfpu -I/home/lu_zero/Sources/tt/tt-metal/tt_metal/hw/firmware/src/tt-1xx -I/home/lu_zero/Sources/tt/tt-metal/ttnn/cpp/ttnn/operations/normalization/layernorm/device/kernels/compute -DIS_NOT_POW2_NUM_L1_BANKS=1 -DLOG_BASE_2_OF_NUM_DRAM_BANKS=3 -DNUM_DRAM_BANKS=8 -DNUM_L1_BANKS=110 -DPCIE_NOC_X=19 -DPCIE_NOC_Y=24 -DTENSIX_FIRMWARE -DLOCAL_MEM_EN=0 -DPROCESSOR_INDEX=2 -DUCK_CHLKC_UNPACK -DCOMPILE_FOR_TRISC=0 -DPROGRAMMABLE_CORE_TYPE=0 -DARCH_BLACKHOLE -DDISPATCH_MESSAGE_ADDR=4290184248 -DKERNEL_BUILD -DFULL_KERNEL_NAME="layernorm_large_tensor/11446823263021009881/" -include named_ct_arg_map_generated.h -c -o /home/lu_zero/.cache/tt-metal-cache/192705464604149581/kernels/layernorm_large_tensor/11446823263021009881/trisc0/trisck.2176806833681172996_103324.o /home/lu_zero/Sources/tt/tt-metal/tt_metal/hw/firmware/src/tt-1xx/trisck.cc -MF /home/lu_zero/.cache/tt-metal-cache/192705464604149581/kernels/layernorm_large_tensor/11446823263021009881/trisc0/trisck.2176806833681172996_103324.d
In file included from ../chlkc_unpack.cpp:6,
                 from /home/lu_zero/Sources/tt/tt-metal/tt_metal/hw/ckernels/blackhole/metal/common/chlkc_list.h:26,
                 from /home/lu_zero/Sources/tt/tt-metal/tt_metal/hw/firmware/src/tt-1xx/trisck.cc:13:
/home/lu_zero/Sources/tt/tt-metal/ttnn/cpp/ttnn/operations/normalization/layernorm/device/kernels/compute/layernorm_large_tensor.cpp: In function 'void kernel_main()':
/home/lu_zero/Sources/tt/tt-metal/ttnn/cpp/ttnn/operations/normalization/layernorm/device/kernels/compute/layernorm_large_tensor.cpp:116:20: warning: variable 'dfb_x_id' set but not used [-Wunused-but-set-variable]
  116 |     constexpr auto dfb_x_id = dfb_in_id;
      |                    ^~~~~~~~
Building trisc2, compile step:
/home/lu_zero/Sources/tt/tt-metal/runtime/sfpi/compiler/bin/riscv-tt-elf-g++ -O3 -std=c++17 -ftt-nttp -ftt-constinit -ftt-consteval -ftt-no-dyninit -flto=auto -ffast-math -fno-finite-math-only -fsigned-zeros -fno-associative-math -fno-exceptions -fno-rtti -fno-use-cxa-atexit -g -MMD -Wall -Werror -Wno-error=deprecated-declarations -Wno-error=multistatement-macros -Wno-error=parentheses -Wno-error=unused-but-set-variable -Wno-unused-variable -Wno-unused-function --param=min-pagesize=0 -mcpu=tt-bh-tensix -I. -I.. -I/home/lu_zero/Sources/tt/tt-metal/ -I/home/lu_zero/Sources/tt/tt-metal/ttnn -I/home/lu_zero/Sources/tt/tt-metal/ttnn/cpp -I/home/lu_zero/Sources/tt/tt-metal/tt_metal -I/home/lu_zero/Sources/tt/tt-metal/tt_metal/hw/inc -I/home/lu_zero/Sources/tt/tt-metal/tt_metal/tt-llk/common -I/home/lu_zero/Sources/tt/tt-metal/tt_metal/tt-llk/tools/include -I/home/lu_zero/Sources/tt/tt-metal/tt_metal/hostdevcommon/api -I/home/lu_zero/Sources/tt/tt-metal/tt_metal/api/ -I/home/lu_zero/Sources/tt/tt-metal/runtime/sfpi/include -I/home/lu_zero/Sources/tt/tt-metal/tt_metal/hw/ckernels/blackhole/metal/common -I/home/lu_zero/Sources/tt/tt-metal/tt_metal/hw/ckernels/blackhole/metal/llk_io -I/home/lu_zero/Sources/tt/tt-metal/tt_metal/hw/inc/internal/tt-1xx -I/home/lu_zero/Sources/tt/tt-metal/tt_metal/hw/inc/internal/tt-1xx/blackhole -I/home/lu_zero/Sources/tt/tt-metal/tt_metal/hw/inc/internal/tt-1xx/blackhole/blackhole_defines -I/home/lu_zero/Sources/tt/tt-metal/tt_metal/hw/inc/internal/tt-1xx/blackhole/noc -I/home/lu_zero/Sources/tt/tt-metal/tt_metal/tt-llk/tt_llk_blackhole/common/inc -I/home/lu_zero/Sources/tt/tt-metal/tt_metal/tt-llk/tt_llk_blackhole/llk_lib -I/home/lu_zero/Sources/tt/tt-metal/tt_metal/hw/ckernels/blackhole/metal/llk_api -I/home/lu_zero/Sources/tt/tt-metal/tt_metal/hw/ckernels/blackhole/metal/llk_api/llk_sfpu -I/home/lu_zero/Sources/tt/tt-metal/tt_metal/hw/firmware/src/tt-1xx -I/home/lu_zero/Sources/tt/tt-metal/ttnn/cpp/ttnn/operations/normalization/layernorm/device/kernels/compute -DIS_NOT_POW2_NUM_L1_BANKS=1 -DLOG_BASE_2_OF_NUM_DRAM_BANKS=3 -DNUM_DRAM_BANKS=8 -DNUM_L1_BANKS=110 -DPCIE_NOC_X=19 -DPCIE_NOC_Y=24 -DTENSIX_FIRMWARE -DLOCAL_MEM_EN=0 -DPROCESSOR_INDEX=4 -DUCK_CHLKC_PACK -DCOMPILE_FOR_TRISC=2 -DPROGRAMMABLE_CORE_TYPE=0 -DARCH_BLACKHOLE -DDISPATCH_MESSAGE_ADDR=4290184248 -DKERNEL_BUILD -DFULL_KERNEL_NAME="layernorm_large_tensor/11446823263021009881/" -include named_ct_arg_map_generated.h -c -o /home/lu_zero/.cache/tt-metal-cache/192705464604149581/kernels/layernorm_large_tensor/11446823263021009881/trisc2/trisck.2176806833681172996_103324.o /home/lu_zero/Sources/tt/tt-metal/tt_metal/hw/firmware/src/tt-1xx/trisck.cc -MF /home/lu_zero/.cache/tt-metal-cache/192705464604149581/kernels/layernorm_large_tensor/11446823263021009881/trisc2/trisck.2176806833681172996_103324.d
In file included from ../chlkc_pack.cpp:6,
                 from /home/lu_zero/Sources/tt/tt-metal/tt_metal/hw/ckernels/blackhole/metal/common/chlkc_list.h:21,
                 from /home/lu_zero/Sources/tt/tt-metal/tt_metal/hw/firmware/src/tt-1xx/trisck.cc:13:
/home/lu_zero/Sources/tt/tt-metal/ttnn/cpp/ttnn/operations/normalization/layernorm/device/kernels/compute/layernorm_large_tensor.cpp: In function 'void kernel_main()':
/home/lu_zero/Sources/tt/tt-metal/ttnn/cpp/ttnn/operations/normalization/layernorm/device/kernels/compute/layernorm_large_tensor.cpp:116:20: warning: variable 'dfb_x_id' set but not used [-Wunused-but-set-variable]
  116 |     constexpr auto dfb_x_id = dfb_in_id;
      |                    ^~~~~~~~
Building trisc1, compile step:
/home/lu_zero/Sources/tt/tt-metal/runtime/sfpi/compiler/bin/riscv-tt-elf-g++ -O3 -std=c++17 -ftt-nttp -ftt-constinit -ftt-consteval -ftt-no-dyninit -flto=auto -ffast-math -fno-finite-math-only -fsigned-zeros -fno-associative-math -fno-exceptions -fno-rtti -fno-use-cxa-atexit -g -MMD -Wall -Werror -Wno-error=deprecated-declarations -Wno-error=multistatement-macros -Wno-error=parentheses -Wno-error=unused-but-set-variable -Wno-unused-variable -Wno-unused-function --param=min-pagesize=0 -mcpu=tt-bh-tensix -I. -I.. -I/home/lu_zero/Sources/tt/tt-metal/ -I/home/lu_zero/Sources/tt/tt-metal/ttnn -I/home/lu_zero/Sources/tt/tt-metal/ttnn/cpp -I/home/lu_zero/Sources/tt/tt-metal/tt_metal -I/home/lu_zero/Sources/tt/tt-metal/tt_metal/hw/inc -I/home/lu_zero/Sources/tt/tt-metal/tt_metal/tt-llk/common -I/home/lu_zero/Sources/tt/tt-metal/tt_metal/tt-llk/tools/include -I/home/lu_zero/Sources/tt/tt-metal/tt_metal/hostdevcommon/api -I/home/lu_zero/Sources/tt/tt-metal/tt_metal/api/ -I/home/lu_zero/Sources/tt/tt-metal/runtime/sfpi/include -I/home/lu_zero/Sources/tt/tt-metal/tt_metal/hw/ckernels/blackhole/metal/common -I/home/lu_zero/Sources/tt/tt-metal/tt_metal/hw/ckernels/blackhole/metal/llk_io -I/home/lu_zero/Sources/tt/tt-metal/tt_metal/hw/inc/internal/tt-1xx -I/home/lu_zero/Sources/tt/tt-metal/tt_metal/hw/inc/internal/tt-1xx/blackhole -I/home/lu_zero/Sources/tt/tt-metal/tt_metal/hw/inc/internal/tt-1xx/blackhole/blackhole_defines -I/home/lu_zero/Sources/tt/tt-metal/tt_metal/hw/inc/internal/tt-1xx/blackhole/noc -I/home/lu_zero/Sources/tt/tt-metal/tt_metal/tt-llk/tt_llk_blackhole/common/inc -I/home/lu_zero/Sources/tt/tt-metal/tt_metal/tt-llk/tt_llk_blackhole/llk_lib -I/home/lu_zero/Sources/tt/tt-metal/tt_metal/hw/ckernels/blackhole/metal/llk_api -I/home/lu_zero/Sources/tt/tt-metal/tt_metal/hw/ckernels/blackhole/metal/llk_api/llk_sfpu -I/home/lu_zero/Sources/tt/tt-metal/tt_metal/hw/firmware/src/tt-1xx -I/home/lu_zero/Sources/tt/tt-metal/ttnn/cpp/ttnn/operations/normalization/layernorm/device/kernels/compute -DIS_NOT_POW2_NUM_L1_BANKS=1 -DLOG_BASE_2_OF_NUM_DRAM_BANKS=3 -DNUM_DRAM_BANKS=8 -DNUM_L1_BANKS=110 -DPCIE_NOC_X=19 -DPCIE_NOC_Y=24 -DTENSIX_FIRMWARE -DLOCAL_MEM_EN=0 -DPROCESSOR_INDEX=3 -DUCK_CHLKC_MATH -DCOMPILE_FOR_TRISC=1 -DPROGRAMMABLE_CORE_TYPE=0 -DARCH_BLACKHOLE -DDISPATCH_MESSAGE_ADDR=4290184248 -DKERNEL_BUILD -DFULL_KERNEL_NAME="layernorm_large_tensor/11446823263021009881/" -include named_ct_arg_map_generated.h -c -o /home/lu_zero/.cache/tt-metal-cache/192705464604149581/kernels/layernorm_large_tensor/11446823263021009881/trisc1/trisck.2176806833681172996_103324.o /home/lu_zero/Sources/tt/tt-metal/tt_metal/hw/firmware/src/tt-1xx/trisck.cc -MF /home/lu_zero/.cache/tt-metal-cache/192705464604149581/kernels/layernorm_large_tensor/11446823263021009881/trisc1/trisck.2176806833681172996_103324.d
In file included from ../chlkc_math.cpp:6,
                 from /home/lu_zero/Sources/tt/tt-metal/tt_metal/hw/ckernels/blackhole/metal/common/chlkc_list.h:16,
                 from /home/lu_zero/Sources/tt/tt-metal/tt_metal/hw/firmware/src/tt-1xx/trisck.cc:13:
/home/lu_zero/Sources/tt/tt-metal/ttnn/cpp/ttnn/operations/normalization/layernorm/device/kernels/compute/layernorm_large_tensor.cpp: In function 'void kernel_main()':
/home/lu_zero/Sources/tt/tt-metal/ttnn/cpp/ttnn/operations/normalization/layernorm/device/kernels/compute/layernorm_large_tensor.cpp:116:20: warning: variable 'dfb_x_id' set but not used [-Wunused-but-set-variable]
  116 |     constexpr auto dfb_x_id = dfb_in_id;
      |                    ^~~~~~~~
Building brisc, link step:
cd /home/lu_zero/.cache/tt-metal-cache/192705464604149581/kernels/Kernel_Source_Code/598594760236356715/brisc/ && /home/lu_zero/Sources/tt/tt-metal/runtime/sfpi/compiler/bin/riscv-tt-elf-g++ -O2 -Wl,--just-symbols=/home/lu_zero/Sources/tt/tt-metal/tt_metal/pre-compiled/192705464604149581/brisc/brisc_weakened.elf -std=c++17 -ftt-nttp -ftt-constinit -ftt-consteval -ftt-no-dyninit -flto=auto -ffast-math -fno-finite-math-only -fsigned-zeros -fno-associative-math -fno-exceptions -fno-rtti -fno-use-cxa-atexit -g -Wl,-z,max-page-size=16 -Wl,-z,common-page-size=16 -nostartfiles -mcpu=tt-bh -fno-tree-loop-distribute-patterns -Wno-stringop-overflow -T/home/lu_zero/Sources/tt/tt-metal/runtime/hw/toolchain/blackhole/kernel_brisc.ld -Wl,--emit-relocs /home/lu_zero/Sources/tt/tt-metal/runtime/hw/lib/blackhole/noc.o /home/lu_zero/Sources/tt/tt-metal/runtime/hw/lib/blackhole/substitutes.o /home/lu_zero/.cache/tt-metal-cache/192705464604149581/kernels/Kernel_Source_Code/598594760236356715/brisc/brisck.2176806833681172996_103324.o -o /home/lu_zero/.cache/tt-metal-cache/192705464604149581/kernels/Kernel_Source_Code/598594760236356715/brisc/brisc.2176806833681172996_103324.elf
/tmp/ccg4NERC.s: Assembler messages:
/tmp/ccg4NERC.s:15776: Warning: ignoring changed section attributes for .text
Building brisc, link step:
cd /home/lu_zero/.cache/tt-metal-cache/192705464604149581/kernels/Kernel_Source_Code/13318577304979994202/brisc/ && /home/lu_zero/Sources/tt/tt-metal/runtime/sfpi/compiler/bin/riscv-tt-elf-g++ -O2 -Wl,--just-symbols=/home/lu_zero/Sources/tt/tt-metal/tt_metal/pre-compiled/192705464604149581/brisc/brisc_weakened.elf -std=c++17 -ftt-nttp -ftt-constinit -ftt-consteval -ftt-no-dyninit -flto=auto -ffast-math -fno-finite-math-only -fsigned-zeros -fno-associative-math -fno-exceptions -fno-rtti -fno-use-cxa-atexit -g -Wl,-z,max-page-size=16 -Wl,-z,common-page-size=16 -nostartfiles -mcpu=tt-bh -fno-tree-loop-distribute-patterns -Wno-stringop-overflow -T/home/lu_zero/Sources/tt/tt-metal/runtime/hw/toolchain/blackhole/kernel_brisc.ld -Wl,--emit-relocs /home/lu_zero/Sources/tt/tt-metal/runtime/hw/lib/blackhole/noc.o /home/lu_zero/Sources/tt/tt-metal/runtime/hw/lib/blackhole/substitutes.o /home/lu_zero/.cache/tt-metal-cache/192705464604149581/kernels/Kernel_Source_Code/13318577304979994202/brisc/brisck.2176806833681172996_103324.o -o /home/lu_zero/.cache/tt-metal-cache/192705464604149581/kernels/Kernel_Source_Code/13318577304979994202/brisc/brisc.2176806833681172996_103324.elf
/tmp/cc9ihXcz.s: Assembler messages:
/tmp/cc9ihXcz.s:15776: Warning: ignoring changed section attributes for .text
Building brisc, link step:
cd /home/lu_zero/.cache/tt-metal-cache/192705464604149581/kernels/Kernel_Source_Code/14070482705221916540/brisc/ && /home/lu_zero/Sources/tt/tt-metal/runtime/sfpi/compiler/bin/riscv-tt-elf-g++ -O2 -Wl,--just-symbols=/home/lu_zero/Sources/tt/tt-metal/tt_metal/pre-compiled/192705464604149581/brisc/brisc_weakened.elf -std=c++17 -ftt-nttp -ftt-constinit -ftt-consteval -ftt-no-dyninit -flto=auto -ffast-math -fno-finite-math-only -fsigned-zeros -fno-associative-math -fno-exceptions -fno-rtti -fno-use-cxa-atexit -g -Wl,-z,max-page-size=16 -Wl,-z,common-page-size=16 -nostartfiles -mcpu=tt-bh -fno-tree-loop-distribute-patterns -Wno-stringop-overflow -T/home/lu_zero/Sources/tt/tt-metal/runtime/hw/toolchain/blackhole/kernel_brisc.ld -Wl,--emit-relocs /home/lu_zero/Sources/tt/tt-metal/runtime/hw/lib/blackhole/noc.o /home/lu_zero/Sources/tt/tt-metal/runtime/hw/lib/blackhole/substitutes.o /home/lu_zero/.cache/tt-metal-cache/192705464604149581/kernels/Kernel_Source_Code/14070482705221916540/brisc/brisck.2176806833681172996_103324.o -o /home/lu_zero/.cache/tt-metal-cache/192705464604149581/kernels/Kernel_Source_Code/14070482705221916540/brisc/brisc.2176806833681172996_103324.elf
/tmp/ccTf3Jv0.s: Assembler messages:
/tmp/ccTf3Jv0.s:15776: Warning: ignoring changed section attributes for .text
Building brisc, link step:
cd /home/lu_zero/.cache/tt-metal-cache/192705464604149581/kernels/Kernel_Source_Code/1646165410373927498/brisc/ && /home/lu_zero/Sources/tt/tt-metal/runtime/sfpi/compiler/bin/riscv-tt-elf-g++ -O2 -Wl,--just-symbols=/home/lu_zero/Sources/tt/tt-metal/tt_metal/pre-compiled/192705464604149581/brisc/brisc_weakened.elf -std=c++17 -ftt-nttp -ftt-constinit -ftt-consteval -ftt-no-dyninit -flto=auto -ffast-math -fno-finite-math-only -fsigned-zeros -fno-associative-math -fno-exceptions -fno-rtti -fno-use-cxa-atexit -g -Wl,-z,max-page-size=16 -Wl,-z,common-page-size=16 -nostartfiles -mcpu=tt-bh -fno-tree-loop-distribute-patterns -Wno-stringop-overflow -T/home/lu_zero/Sources/tt/tt-metal/runtime/hw/toolchain/blackhole/kernel_brisc.ld -Wl,--emit-relocs /home/lu_zero/Sources/tt/tt-metal/runtime/hw/lib/blackhole/noc.o /home/lu_zero/Sources/tt/tt-metal/runtime/hw/lib/blackhole/substitutes.o /home/lu_zero/.cache/tt-metal-cache/192705464604149581/kernels/Kernel_Source_Code/1646165410373927498/brisc/brisck.2176806833681172996_103324.o -o /home/lu_zero/.cache/tt-metal-cache/192705464604149581/kernels/Kernel_Source_Code/1646165410373927498/brisc/brisc.2176806833681172996_103324.elf
/tmp/ccoiaODj.s: Assembler messages:
/tmp/ccoiaODj.s:15776: Warning: ignoring changed section attributes for .text
Building brisc, link step:
cd /home/lu_zero/.cache/tt-metal-cache/192705464604149581/kernels/Kernel_Source_Code/16173746075532350120/brisc/ && /home/lu_zero/Sources/tt/tt-metal/runtime/sfpi/compiler/bin/riscv-tt-elf-g++ -O2 -Wl,--just-symbols=/home/lu_zero/Sources/tt/tt-metal/tt_metal/pre-compiled/192705464604149581/brisc/brisc_weakened.elf -std=c++17 -ftt-nttp -ftt-constinit -ftt-consteval -ftt-no-dyninit -flto=auto -ffast-math -fno-finite-math-only -fsigned-zeros -fno-associative-math -fno-exceptions -fno-rtti -fno-use-cxa-atexit -g -Wl,-z,max-page-size=16 -Wl,-z,common-page-size=16 -nostartfiles -mcpu=tt-bh -fno-tree-loop-distribute-patterns -Wno-stringop-overflow -T/home/lu_zero/Sources/tt/tt-metal/runtime/hw/toolchain/blackhole/kernel_brisc.ld -Wl,--emit-relocs /home/lu_zero/Sources/tt/tt-metal/runtime/hw/lib/blackhole/noc.o /home/lu_zero/Sources/tt/tt-metal/runtime/hw/lib/blackhole/substitutes.o /home/lu_zero/.cache/tt-metal-cache/192705464604149581/kernels/Kernel_Source_Code/16173746075532350120/brisc/brisck.2176806833681172996_103324.o -o /home/lu_zero/.cache/tt-metal-cache/192705464604149581/kernels/Kernel_Source_Code/16173746075532350120/brisc/brisc.2176806833681172996_103324.elf
/tmp/ccxGT9mJ.s: Assembler messages:
/tmp/ccxGT9mJ.s:15776: Warning: ignoring changed section attributes for .text
Building brisc, link step:
cd /home/lu_zero/.cache/tt-metal-cache/192705464604149581/kernels/Kernel_Source_Code/12781101419992546001/brisc/ && /home/lu_zero/Sources/tt/tt-metal/runtime/sfpi/compiler/bin/riscv-tt-elf-g++ -O2 -Wl,--just-symbols=/home/lu_zero/Sources/tt/tt-metal/tt_metal/pre-compiled/192705464604149581/brisc/brisc_weakened.elf -std=c++17 -ftt-nttp -ftt-constinit -ftt-consteval -ftt-no-dyninit -flto=auto -ffast-math -fno-finite-math-only -fsigned-zeros -fno-associative-math -fno-exceptions -fno-rtti -fno-use-cxa-atexit -g -Wl,-z,max-page-size=16 -Wl,-z,common-page-size=16 -nostartfiles -mcpu=tt-bh -fno-tree-loop-distribute-patterns -Wno-stringop-overflow -T/home/lu_zero/Sources/tt/tt-metal/runtime/hw/toolchain/blackhole/kernel_brisc.ld -Wl,--emit-relocs /home/lu_zero/Sources/tt/tt-metal/runtime/hw/lib/blackhole/noc.o /home/lu_zero/Sources/tt/tt-metal/runtime/hw/lib/blackhole/substitutes.o /home/lu_zero/.cache/tt-metal-cache/192705464604149581/kernels/Kernel_Source_Code/12781101419992546001/brisc/brisck.2176806833681172996_103324.o -o /home/lu_zero/.cache/tt-metal-cache/192705464604149581/kernels/Kernel_Source_Code/12781101419992546001/brisc/brisc.2176806833681172996_103324.elf
/tmp/cctBxhTW.s: Assembler messages:
/tmp/cctBxhTW.s:15775: Warning: ignoring changed section attributes for .text
Building brisc, link step:
cd /home/lu_zero/.cache/tt-metal-cache/192705464604149581/kernels/Kernel_Source_Code/6561094974039212872/brisc/ && /home/lu_zero/Sources/tt/tt-metal/runtime/sfpi/compiler/bin/riscv-tt-elf-g++ -O2 -Wl,--just-symbols=/home/lu_zero/Sources/tt/tt-metal/tt_metal/pre-compiled/192705464604149581/brisc/brisc_weakened.elf -std=c++17 -ftt-nttp -ftt-constinit -ftt-consteval -ftt-no-dyninit -flto=auto -ffast-math -fno-finite-math-only -fsigned-zeros -fno-associative-math -fno-exceptions -fno-rtti -fno-use-cxa-atexit -g -Wl,-z,max-page-size=16 -Wl,-z,common-page-size=16 -nostartfiles -mcpu=tt-bh -fno-tree-loop-distribute-patterns -Wno-stringop-overflow -T/home/lu_zero/Sources/tt/tt-metal/runtime/hw/toolchain/blackhole/kernel_brisc.ld -Wl,--emit-relocs /home/lu_zero/Sources/tt/tt-metal/runtime/hw/lib/blackhole/noc.o /home/lu_zero/Sources/tt/tt-metal/runtime/hw/lib/blackhole/substitutes.o /home/lu_zero/.cache/tt-metal-cache/192705464604149581/kernels/Kernel_Source_Code/6561094974039212872/brisc/brisck.2176806833681172996_103324.o -o /home/lu_zero/.cache/tt-metal-cache/192705464604149581/kernels/Kernel_Source_Code/6561094974039212872/brisc/brisc.2176806833681172996_103324.elf
/tmp/ccGgUQyE.s: Assembler messages:
/tmp/ccGgUQyE.s:15776: Warning: ignoring changed section attributes for .text
2026-09-24 02:03:31.392 | critical |          Always | TT_FATAL: Out of Memory: Not enough space to allocate 66846720 B DRAM buffer across 8 banks, where each bank needs to store 8355840 B, but bank size is 4272341376 B (allocated: 4185453440 B, free: 86887936 B, largest free block: 6773056 B) (assert.hpp:104)
/tmp/row-int8dot-flip/tests/parity/test_qwen35_paged_engine.cpp:822: ERROR: test case THREW exception: TT_FATAL @ /home/lu_zero/Sources/tt/tt-metal/tt_metal/impl/allocator/bank_manager.cpp:495: false
info:
Out of Memory: Not enough space to allocate 66846720 B DRAM buffer across 8 banks, where each bank needs to store 8355840 B, but bank size is 4272341376 B (allocated: 4185453440 B, free: 86887936 B, largest free block: 6773056 B)
backtrace:
 --- void tt::assert::detail::tt_throw<unsigned long, std::basic_string_view<char, std::char_traits<char> >, unsigned int, unsigned long, unsigned long, unsigned long, unsigned long, unsigned long, unsigned long, unsigned long, unsigned long, unsigned long, unsigned long>(char const*, int, char const*, char const*, fmt::v11::fstring<unsigned long const&, std::basic_string_view<char, std::char_traits<char> > const&, unsigned int const&, unsigned long const&, unsigned long const&, unsigned long const&, unsigned long const&, unsigned long const&, unsigned long const&, unsigned long const&, unsigned long const&, unsigned long const&, unsigned long const&>::t, unsigned long const&, std::basic_string_view<char, std::char_traits<char> > const&, unsigned int const&, unsigned long const&, unsigned long const&, unsigned long const&, unsigned long const&, unsigned long const&, unsigned long const&, unsigned long const&, unsigned long const&, unsigned long const&, unsigned long const&)
 --- tt::tt_metal::BankManager::allocate_buffer(unsigned long, unsigned long, bool, tt::tt_metal::CoreRangeSet const&, std::optional<unsigned int>, ttsl::StrongType<unsigned int, tt::tt_metal::AllocatorIDTag>, std::vector<std::pair<unsigned long, unsigned long>, std::allocator<std::pair<unsigned long, unsigned long> > > const&, std::optional<std::unordered_set<unsigned int, std::hash<unsigned int>, std::equal_to<unsigned int>, std::allocator<unsigned int> > > const&)
 --- tt::tt_metal::AllocatorImpl::allocate_buffer(tt::tt_metal::Buffer*)
 --- tt::tt_metal::BufferImpl::allocate_impl(tt::tt_metal::Buffer&)
 --- tt::tt_metal::BufferImpl::create(tt::tt_metal::IDevice*, unsigned long, unsigned long, tt::tt_metal::BufferType, tt::tt_metal::BufferShardingArgs const&, std::optional<bool>, std::optional<ttsl::StrongType<unsigned char, tt::tt_metal::SubDeviceIdTag> >)
 --- tt::tt_metal::distributed::MeshBuffer::create(std::variant<tt::tt_metal::distributed::ReplicatedBufferConfig, tt::tt_metal::distributed::ShardedBufferConfig> const&, tt::tt_metal::distributed::DeviceLocalBufferConfig const&, tt::tt_metal::distributed::MeshDevice*, std::optional<unsigned long>)
 --- tt::tt_metal::tensor_impl::allocate_device_buffer(tt::tt_metal::distributed::MeshDevice*, tt::tt_metal::TensorSpec const&)
 --- tt::tt_metal::allocate_mesh_tensor_on_device_with_topology(tt::tt_metal::distributed::MeshDevice&, tt::tt_metal::TensorSpec, tt::tt_metal::TensorTopology)
 --- tt::tt_metal::distributed::MeshCommandQueue::enqueue_write_tensor(tt::tt_metal::HostTensor const&, tt::tt_metal::MemoryConfig const&)
 --- tt::tt_metal::to_device(ttnn::Tensor const&, tt::tt_metal::distributed::MeshDevice*, ttsl::optional_reference<tt::tt_metal::MemoryConfig const>, std::optional<ttsl::StrongType<unsigned char, ttnn::QueueIdTag> >)
 --- ttnn::Tensor ttnn::Tensor::from_vector<int>(std::vector<int, std::allocator<int> >&&, tt::tt_metal::TensorSpec const&, tt::tt_metal::distributed::MeshDevice*, std::optional<ttsl::StrongType<unsigned char, ttnn::QueueIdTag> >, int)
 --- vt::tenstorrent::EnsureKeepQuantWords(vt::Tensor const&, vt::DType, long, long, tt::tt_metal::distributed::MeshDevice&)
 --- vt::tenstorrent::MatmulBTQuantInt8DotKernel(vt::Queue&, vt::Tensor&, vt::Tensor const&, vt::Tensor const&)
 --- vt::tenstorrent::MatmulBTQuantKernel(vt::Queue&, vt::Tensor&, vt::Tensor const&, vt::Tensor const&)
 --- /tmp/row-int8dot-flip/build-tt/tests/test_qwen35_paged_engine(+0x3b3528) [0xaaabe57a3528]
 --- /tmp/row-int8dot-flip/build-tt/tests/test_qwen35_paged_engine(+0x3c5db0) [0xaaabe57b5db0]
 --- /tmp/row-int8dot-flip/build-tt/tests/test_qwen35_paged_engine(+0x3d00d8) [0xaaabe57c00d8]
 --- /tmp/row-int8dot-flip/build-tt/tests/test_qwen35_paged_engine(+0x3d33c8) [0xaaabe57c33c8]
 --- /tmp/row-int8dot-flip/build-tt/tests/test_qwen35_paged_engine(+0x3d3f30) [0xaaabe57c3f30]
 --- vllm::Qwen3_5DenseModel::ForwardDevice(std::vector<int, std::allocator<int> > const&, std::vector<int, std::allocator<int> > const&, vllm::v1::CommonAttentionMetadata const&, vllm::v1::GDNAttentionMetadata const&, std::vector<vllm::PagedKvCache, std::allocator<vllm::PagedKvCache> > const&, std::vector<vllm::GdnStateCache, std::allocator<vllm::GdnStateCache> > const&, vllm::Qwen3_5DenseWeights const&, vllm::HfConfig const&, vt::Queue&, std::vector<int, std::allocator<int> > const&)
 --- /tmp/row-int8dot-flip/build-tt/tests/test_qwen35_paged_engine(+0x4066e8) [0xaaabe57f66e8]
 --- vllm::ModelRegistry::Forward(vllm::LoadedModel&, vllm::ModelForwardInput const&)
 --- vllm::v1::GPUModelRunner::execute_model(vllm::v1::SchedulerOutput const&)
 --- vllm::v1::Executor::execute_model(vllm::v1::SchedulerOutput const&)
 --- vllm::v1::EngineCore::step()
 --- vllm::v1::LLMEngine::step()
 --- vllm::v1::LLMEngine::generate(std::__cxx11::basic_string<char, std::char_traits<char>, std::allocator<char> > const&, vllm::SamplingParams, std::__cxx11::basic_string<char, std::char_traits<char>, std::allocator<char> > const&, int)
 --- /tmp/row-int8dot-flip/build-tt/tests/test_qwen35_paged_engine(+0x12acbe0) [0xaaabe669cbe0]
 --- /tmp/row-int8dot-flip/build-tt/tests/test_qwen35_paged_engine(+0x12b0404) [0xaaabe66a0404]
 --- doctest::Context::run()
 --- /tmp/row-int8dot-flip/build-tt/tests/test_qwen35_paged_engine(main+0x3c) [0xaaabe55b659c]
 --- /usr/lib64/libc.so.6(+0x22df4) [0xffff77a32df4]
 --- /usr/lib64/libc.so.6(__libc_start_main+0x98) [0xffff77a32f38]
 --- /tmp/row-int8dot-flip/build-tt/tests/test_qwen35_paged_engine(_start+0x30) [0xaaabe55b6830]


===============================================================================
/tmp/row-int8dot-flip/tests/parity/test_qwen35_paged_engine.cpp:837:
TEST CASE:  qwen3.5-0.8B GGUF Q4_K_M int8-dot lane e2e battery (Tenstorrent, lever opt-in)

/tmp/row-int8dot-flip/tests/parity/test_qwen35_paged_engine.cpp:612: FATAL ERROR: REQUIRE( have_pair == true ) is NOT correct!
  values: REQUIRE( false == true )
  logged: 1: the LANE PAIR IS ABSENT in "/tmp/row-int8dot-flip/tests/parity/goldens/qwen35_gguf_q4km_lanegate" (our_ids.npy: false, neartie_gap_mnats.npy: false) — capture with VT_DUMP_IDS=1 under VT_TT_KEEPQUANT_INT8DOT=1, build the pair with scripts/qwen3-neartie-gap-llamacpp-oracle.py (pinned llama.cpp b10451 oracle), and commit it. This failure is the red-first evidence

===============================================================================
[doctest] test cases:   4 |   0 passed | 4 failed | 0 skipped
[doctest] assertions: 114 | 111 passed | 3 failed |
[doctest] Status: FAILURE!
2026-09-24 02:03:31.704 | info     |    BuildKernels | JIT cache stats: 0/883 hits (0.0%) [0 cached, 595 build-once dedup, 0 merged artifacts, 0 merged genfiles] (build_cache_telemetry.cpp:268)
2026-09-24 02:03:31.704 | info     |    BuildKernels | JIT telemetry: 35 registered TelemetryTokens (build_cache_telemetry.cpp:325)
2026-09-24 02:03:31.717 | info     |          Device | Closing user mode device drivers (tt_cluster.cpp:550)
2026-09-24 02:03:31.717 | info     |             UMD | Closing devices in cluster (cluster.cpp:1302)
2026-09-24 02:03:31.849 | info     |             UMD | Closing devices in cluster completed. (cluster.cpp:1311)
2026-09-24 02:03:31.849 | info     |             UMD | Cluster destructor started. (cluster.cpp:1017)
2026-09-24 02:03:31.849 | info     |             UMD | Cluster destructor completed. (cluster.cpp:1020)
